y_true,y_pred
0,0
0,0
0,0
0,0
0,0
0,0
0,0
0,0
0,0
0,0
0,0
0,0
0,0
0,0
0,0
0,0
0,0
0,0
0,0
0,0
0,0
0,0
0,0
0,0
1,1
1,1
1,1
1,1
1,1
1,26
1,1
1,1
1,1
1,1
1,1
1,1
1,1
1,1
1,1
1,1
1,1
1,1
1,1
1,1
1,1
1,1
1,1
1,1
1,1
1,1
1,1
1,1
1,1
1,1
1,1
1,1
1,1
1,1
1,1
1,1
1,1
1,1
1,1
1,1
1,1
1,1
1,1
1,1
1,1
1,1
1,1
1,1
1,1
1,1
1,1
1,1
1,1
1,1
1,1
1,1
1,1
1,1
1,1
1,1
1,1
1,1
1,1
1,1
1,1
1,1
1,1
1,1
1,1
1,1
1,1
1,1
1,1
1,1
1,1
1,1
1,1
1,1
1,12
1,1
1,1
1,1
1,1
1,1
1,1
1,1
1,1
1,1
1,1
1,1
1,1
1,1
1,1
1,1
1,1
1,1
1,1
1,1
1,1
1,1
1,1
1,1
1,1
1,1
1,1
1,1
1,1
1,1
1,1
1,1
1,1
1,1
1,1
1,26
2,2
2,2
2,2
2,2
2,2
2,2
2,2
2,2
2,11
2,2
2,2
2,2
2,2
2,2
2,2
2,2
2,2
3,3
3,3
3,3
3,3
3,3
3,3
3,3
3,10
3,3
3,3
3,3
3,22
3,3
3,3
3,3
3,18
3,3
3,3
3,18
3,34
3,18
3,3
3,3
3,3
3,28
3,9
3,3
3,3
3,10
3,20
3,28
3,10
3,3
3,18
3,10
3,3
3,20
3,10
3,3
3,3
3,3
3,3
3,10
3,3
3,3
3,36
3,18
3,3
3,3
3,3
3,3
3,3
3,20
3,36
3,3
3,8
3,3
3,18
3,3
3,3
3,18
3,22
3,36
3,22
3,18
3,3
3,3
3,3
3,3
3,3
3,3
3,18
3,3
3,3
3,36
3,3
3,3
3,18
3,18
3,3
3,20
3,18
3,3
3,36
3,35
3,18
3,17
3,3
3,23
3,36
3,18
3,3
3,22
3,34
3,18
3,34
3,3
3,3
3,3
3,3
3,3
3,3
3,3
3,3
3,3
3,3
3,34
3,31
3,3
3,18
3,3
3,3
3,20
3,3
3,3
3,17
3,3
3,18
3,3
3,3
3,3
3,3
3,20
3,3
3,3
3,18
3,35
3,3
3,3
3,3
3,3
3,3
3,3
3,3
3,18
3,3
3,3
3,3
3,3
3,36
3,20
3,3
3,20
3,27
3,3
3,3
3,18
3,3
3,18
3,3
3,3
3,3
3,3
3,3
3,22
3,3
3,3
3,18
3,10
3,3
3,18
3,3
3,10
3,8
3,3
3,18
3,3
3,18
3,3
3,10
3,3
3,17
3,3
3,3
3,36
3,3
3,3
3,3
3,3
3,3
3,3
3,3
3,18
3,3
3,3
3,3
3,18
3,3
3,3
3,20
3,20
3,33
3,10
3,3
3,3
3,3
3,36
3,3
3,3
3,3
3,20
3,3
3,3
3,9
3,22
3,3
3,18
3,3
3,3
3,3
3,22
3,3
3,3
3,34
3,34
3,3
3,28
3,22
3,3
3,27
3,3
3,3
3,18
3,3
3,36
3,3
3,3
3,3
3,18
3,11
3,3
3,3
3,32
3,3
3,22
3,22
3,22
3,3
3,3
3,3
3,3
3,3
3,3
3,3
3,30
3,3
3,3
3,3
3,28
3,3
3,3
3,34
3,18
3,27
3,3
3,3
3,22
3,3
3,35
3,36
3,10
3,3
3,3
3,3
3,3
3,35
3,3
3,3
3,14
3,18
3,10
3,36
3,3
3,20
3,3
3,18
3,3
3,17
3,18
3,27
3,36
3,3
3,36
3,3
3,3
3,10
3,3
3,3
3,18
3,10
3,3
3,10
3,18
3,3
3,10
3,3
3,3
3,9
3,36
3,3
3,3
3,9
3,3
3,3
3,36
3,3
3,36
3,10
3,36
3,36
3,3
3,3
3,18
3,36
3,3
3,3
3,16
3,18
3,36
3,36
3,3
3,33
3,3
3,3
3,10
3,22
3,22
3,3
3,22
3,3
3,3
3,3
3,3
3,18
3,3
3,36
3,3
3,3
3,3
3,3
3,3
3,3
3,10
3,3
3,3
3,3
3,30
3,3
3,18
3,3
3,3
3,3
3,3
3,3
3,3
3,28
3,36
3,36
3,18
3,36
3,10
3,3
3,31
3,18
3,20
3,33
3,10
3,3
3,18
3,20
3,20
3,10
3,3
3,3
3,3
3,20
3,3
3,3
3,3
3,22
3,36
3,18
3,3
3,3
3,3
3,3
3,33
3,3
3,3
3,3
3,35
3,3
3,18
3,34
3,3
3,34
3,33
3,3
3,22
3,8
3,3
3,36
3,3
3,10
3,3
3,3
3,18
3,3
3,36
3,3
3,34
3,36
3,3
3,3
3,3
3,22
3,3
3,3
3,3
3,3
3,3
3,3
3,3
3,3
3,18
3,3
3,3
3,18
3,3
3,27
3,36
3,10
3,10
3,3
3,3
3,20
3,3
3,17
3,3
3,3
3,18
3,17
3,3
3,35
3,3
3,3
3,18
3,3
3,3
3,22
3,18
3,3
3,28
3,10
3,20
3,3
3,3
3,3
3,3
3,36
3,33
3,36
3,36
3,3
3,3
3,3
3,20
3,3
3,3
3,3
3,22
3,10
3,3
3,3
3,36
3,36
3,36
3,3
3,3
3,36
3,3
3,30
3,3
3,3
3,18
3,3
3,9
3,3
3,10
3,3
3,3
3,3
3,3
3,10
3,8
3,36
3,3
3,3
3,10
3,36
3,17
3,3
3,20
3,18
3,3
3,36
3,3
3,31
3,3
3,20
3,3
3,3
3,14
3,28
3,3
3,3
3,18
3,36
3,34
3,3
3,20
3,3
3,3
3,3
3,3
3,3
3,36
3,10
3,3
3,18
3,3
3,3
3,10
3,10
3,20
3,3
3,3
3,3
3,3
3,3
3,28
3,10
3,3
3,3
3,20
3,33
3,36
3,36
3,10
3,3
3,20
3,3
3,3
3,3
3,3
3,36
3,17
3,18
3,3
3,3
3,8
3,3
3,3
3,3
3,3
3,3
3,3
3,3
3,3
3,3
3,3
3,3
3,3
3,3
3,3
3,3
3,36
3,3
3,3
3,3
3,3
3,18
3,3
3,3
3,8
3,18
3,36
3,3
3,3
3,36
3,3
3,3
3,35
3,3
3,18
3,3
3,3
3,3
3,3
3,3
3,3
3,20
3,28
3,3
3,3
3,36
3,3
3,3
3,20
3,18
3,3
3,3
3,3
3,10
3,3
3,3
3,36
3,3
3,3
3,3
3,18
3,34
3,3
3,3
3,3
3,3
3,3
3,18
3,3
3,10
3,3
3,3
3,3
3,3
3,3
3,18
3,3
3,3
3,3
3,3
3,36
3,3
3,3
3,36
3,20
3,3
3,3
3,18
3,3
3,36
3,35
3,36
3,3
3,3
3,18
3,36
3,3
3,33
3,3
3,3
3,35
3,3
3,3
3,20
3,3
3,22
3,3
3,3
3,3
3,3
3,20
3,3
3,20
3,3
3,10
3,23
3,36
3,23
3,3
3,20
3,10
3,3
3,20
3,3
3,19
3,3
3,3
3,10
3,3
3,3
3,3
3,3
3,3
3,36
3,36
3,3
3,3
3,3
3,3
3,3
3,18
3,23
3,3
3,20
3,3
3,33
3,3
3,3
3,36
3,10
3,9
3,3
3,18
3,36
3,3
3,17
3,36
3,20
3,3
3,3
3,36
3,3
3,10
3,36
3,18
3,36
3,20
3,35
3,10
3,3
3,30
3,10
3,3
3,3
3,31
3,36
3,10
3,36
3,22
3,3
3,3
3,18
3,28
3,3
3,3
3,3
3,18
3,9
3,3
3,3
3,3
3,3
3,3
3,36
3,3
3,14
3,8
3,36
3,3
3,3
3,3
3,3
3,23
3,3
3,3
3,10
3,3
3,18
3,36
3,3
3,10
3,20
3,35
3,3
3,10
3,10
3,3
3,10
3,20
3,3
3,3
3,18
3,10
3,10
3,18
3,3
3,20
3,10
3,19
3,3
3,3
3,3
3,3
3,18
3,27
3,20
3,3
3,34
3,18
3,3
3,3
3,3
3,10
3,3
3,3
3,31
3,10
3,3
3,18
3,28
3,8
3,20
3,3
3,3
3,3
3,3
3,3
3,36
3,3
3,3
3,8
3,36
3,3
3,3
3,3
3,3
3,3
3,10
3,3
3,3
3,28
3,36
3,20
3,3
3,3
3,18
3,20
3,3
3,3
3,3
3,3
3,3
3,10
3,3
3,18
3,3
3,3
3,33
3,3
3,20
3,20
3,18
3,3
3,3
3,22
3,3
3,27
3,3
3,3
3,3
3,3
3,14
3,8
3,10
3,23
3,3
3,18
3,3
3,18
3,17
3,3
3,3
3,34
3,3
3,18
3,36
3,18
3,3
3,20
3,3
3,18
3,3
3,3
3,36
3,3
3,3
3,20
3,3
3,3
3,3
3,34
3,3
3,18
3,35
3,3
3,3
3,3
3,3
3,3
3,20
3,3
3,3
3,3
3,3
3,20
3,3
3,3
3,3
3,3
3,28
3,3
3,3
3,18
3,3
3,3
3,36
3,3
3,3
3,10
3,18
3,3
3,28
3,18
3,3
3,10
3,3
3,3
3,18
3,3
3,3
3,3
3,8
3,30
3,3
3,3
3,10
3,18
3,36
3,10
3,22
3,3
3,3
3,3
3,3
3,10
3,35
3,3
3,3
3,18
3,36
3,27
3,10
3,3
3,3
3,3
3,18
3,3
3,3
3,10
3,18
3,3
3,33
3,3
3,3
3,3
3,3
3,10
3,18
3,3
3,10
3,3
3,34
3,3
3,3
3,3
3,20
3,3
3,3
3,18
3,3
3,3
3,3
3,3
3,36
3,3
3,10
3,10
3,3
3,3
3,20
3,3
3,10
3,3
3,27
3,17
3,20
3,3
3,18
3,3
3,3
3,22
3,3
3,20
3,3
3,3
3,3
3,3
3,36
3,3
3,20
3,3
3,3
3,22
3,10
3,10
3,36
3,3
3,3
3,10
3,3
3,10
3,3
3,20
3,3
3,10
3,3
3,3
3,36
3,3
3,36
3,3
3,3
3,3
3,17
3,3
3,3
3,3
3,3
3,34
3,3
3,18
3,3
3,3
3,18
3,3
3,20
3,10
3,3
3,3
3,3
3,34
3,18
3,18
3,3
3,3
3,3
3,36
3,3
3,3
3,36
3,34
3,3
3,3
3,3
3,3
3,3
3,18
3,3
3,10
3,3
3,3
3,10
3,3
3,36
3,3
3,20
3,3
3,3
3,3
3,3
3,36
3,3
3,34
3,3
3,20
3,3
3,3
3,18
3,3
3,36
3,36
3,36
3,3
3,36
3,35
3,9
3,8
3,18
3,36
3,3
3,3
3,3
3,3
3,3
3,3
3,36
3,3
3,3
3,3
3,36
3,3
3,18
3,18
3,3
3,3
3,3
3,18
3,20
3,36
3,3
3,3
3,3
3,3
3,3
3,3
3,3
3,3
3,3
3,3
3,18
3,3
3,36
3,3
3,3
3,34
3,22
3,36
3,10
3,3
3,3
3,36
3,17
3,3
3,20
3,3
3,27
3,27
3,3
3,3
3,28
3,3
3,3
3,3
3,3
3,3
3,36
3,18
3,18
3,3
3,3
3,3
3,10
3,3
3,18
3,3
3,30
3,3
3,3
3,3
3,18
3,3
3,3
3,18
3,18
3,18
3,3
3,3
3,10
3,34
3,3
3,3
3,3
3,18
3,34
3,22
3,3
3,3
3,20
3,17
3,3
3,3
3,3
3,28
3,18
3,3
3,3
3,17
3,3
3,3
3,17
3,18
3,3
3,20
3,20
3,3
3,33
3,18
3,27
3,18
3,3
3,3
3,3
3,18
3,3
3,10
3,3
3,3
3,18
3,3
3,3
3,3
3,3
3,10
3,18
3,3
3,10
3,3
3,18
3,3
3,3
3,3
3,3
3,18
3,22
3,18
3,3
3,22
3,3
3,3
3,3
3,3
3,34
3,3
3,3
3,3
3,3
3,10
3,3
3,3
3,3
3,3
3,3
3,3
3,3
3,3
3,3
3,10
3,18
3,3
3,36
3,3
3,36
3,3
3,3
3,3
3,3
3,3
3,10
3,3
3,3
3,3
3,3
3,18
3,3
3,28
3,3
3,3
3,3
3,3
3,3
3,3
3,17
3,3
3,20
3,3
3,18
3,3
3,3
3,3
3,3
3,3
3,20
3,8
3,18
3,20
3,3
3,35
3,20
3,3
3,3
3,3
3,34
3,3
3,22
3,23
3,10
3,3
3,3
3,10
3,35
3,3
3,18
3,10
3,10
3,28
3,36
3,8
3,36
3,3
3,3
3,3
3,3
3,20
3,3
3,3
3,3
3,3
3,3
3,17
3,3
3,10
3,3
3,3
3,3
3,3
3,18
3,22
3,3
3,18
3,3
3,20
3,3
3,3
3,3
3,18
3,36
3,34
3,34
3,3
3,3
3,34
3,3
3,3
3,20
3,3
3,36
3,36
3,20
3,18
3,3
3,20
3,3
3,20
3,3
3,10
3,3
3,33
3,3
3,36
3,3
3,3
3,3
3,3
3,3
3,10
3,3
3,8
3,3
3,3
3,3
3,3
3,10
3,3
3,3
3,10
3,17
3,3
3,20
3,10
3,18
3,18
3,3
3,3
3,36
3,20
3,3
3,18
3,3
3,33
3,3
3,3
3,3
3,3
3,3
3,3
3,3
3,18
3,3
3,3
3,3
3,3
3,3
3,3
3,3
3,18
3,3
3,3
3,3
3,3
3,3
3,3
3,27
3,18
3,3
3,3
3,28
3,3
3,36
3,3
3,3
3,20
3,36
3,3
3,3
3,3
3,3
3,3
3,3
3,18
3,3
3,3
3,3
3,18
3,3
3,10
3,3
3,18
3,10
3,3
3,3
3,3
3,3
3,27
3,3
3,3
3,27
3,3
3,3
3,3
3,3
3,18
3,3
3,3
3,33
3,33
3,3
3,3
3,20
3,3
3,3
3,36
3,36
3,3
3,3
3,35
3,3
3,23
3,3
3,20
3,17
3,3
3,3
3,18
3,35
3,35
3,36
3,8
3,3
3,3
3,3
3,18
3,3
3,22
3,3
3,3
3,3
3,3
3,3
3,3
3,35
3,3
3,3
3,8
3,17
3,3
3,3
3,22
3,18
3,3
3,3
3,3
3,3
3,3
3,10
3,3
3,18
3,20
3,3
3,3
3,3
3,3
3,36
3,3
3,10
3,3
3,3
3,3
3,3
3,3
3,3
3,22
3,3
3,3
3,3
3,3
3,3
3,18
3,3
3,18
3,18
3,3
3,3
3,18
3,36
3,18
3,3
3,3
3,35
3,3
3,10
3,36
3,3
3,14
3,18
3,23
3,35
3,3
3,36
3,31
3,10
3,10
3,3
3,3
3,3
3,3
3,3
3,3
3,10
3,36
3,18
3,34
3,3
3,3
3,3
3,20
3,10
3,3
3,10
3,3
3,10
3,17
3,3
3,10
3,36
3,18
3,20
3,3
3,14
3,18
3,3
3,3
3,10
3,3
3,3
3,18
3,18
3,3
3,8
3,31
3,3
3,35
3,3
3,3
3,18
3,18
3,18
3,17
3,8
3,34
3,18
3,22
3,10
3,3
3,17
3,10
3,18
3,18
3,3
3,3
3,23
3,3
3,13
3,3
3,3
3,36
3,3
3,18
3,34
3,20
3,35
3,3
3,3
3,3
3,22
3,3
3,23
3,20
3,36
3,3
3,3
3,3
3,18
3,18
3,22
3,36
3,3
3,3
3,34
3,34
3,3
3,33
3,3
3,36
3,3
3,17
3,36
3,22
3,3
3,3
3,3
3,3
3,3
3,3
3,34
3,3
3,3
3,3
3,3
3,33
3,8
3,30
3,20
3,3
3,3
3,3
3,3
3,3
3,22
3,17
3,3
3,10
3,3
3,20
3,3
3,3
3,3
3,3
3,3
3,3
3,3
3,3
3,10
3,36
3,18
3,10
3,3
3,3
3,10
3,18
3,3
3,17
3,18
3,3
3,3
3,3
3,35
3,3
3,3
3,3
3,20
3,18
3,3
3,3
3,20
3,3
3,3
3,10
3,3
3,3
3,3
3,3
3,18
3,3
3,18
3,18
3,3
3,3
3,3
3,3
3,20
3,3
3,3
3,36
3,10
3,3
3,3
3,10
3,3
3,3
3,10
3,28
3,18
3,18
3,18
3,17
3,3
3,3
3,18
3,18
3,36
3,3
3,3
3,18
3,22
3,18
3,3
3,3
3,36
3,36
3,35
3,36
3,3
3,3
3,3
3,34
3,17
3,3
3,3
3,20
3,3
3,36
3,18
3,3
3,17
3,3
3,28
3,20
3,10
3,18
3,3
3,35
3,18
3,18
3,20
3,10
3,3
3,3
3,3
3,3
3,36
3,3
3,36
3,3
3,3
3,3
3,3
3,3
3,3
3,23
3,18
3,20
3,3
3,3
3,18
3,20
3,18
3,3
3,3
3,3
3,3
3,10
3,10
3,3
3,18
3,3
3,27
3,30
3,35
3,3
3,3
3,3
3,10
3,3
3,3
3,3
3,3
3,3
3,3
3,3
3,3
3,3
3,36
3,18
3,36
3,3
3,3
3,20
3,22
3,23
3,20
3,3
3,3
3,30
3,3
3,17
3,3
3,33
3,3
3,18
3,3
3,27
3,3
3,3
3,22
3,3
3,18
3,3
3,3
3,3
3,18
3,10
3,3
3,3
3,23
3,3
3,3
3,3
3,3
3,22
3,28
3,28
3,20
3,35
3,10
3,18
3,3
3,30
3,18
3,34
3,22
3,3
3,3
3,3
3,36
3,3
3,3
3,3
3,3
3,3
3,20
3,20
3,10
3,18
3,20
3,18
3,18
3,18
3,36
3,36
3,3
3,3
3,28
3,10
3,3
3,18
3,3
3,20
3,36
3,3
3,18
3,18
3,3
3,3
3,10
3,18
3,3
3,18
3,3
3,35
3,3
3,10
3,36
3,3
3,3
3,20
3,3
3,3
3,3
3,18
3,3
3,3
3,3
3,30
3,3
3,3
3,3
3,10
3,18
3,3
3,17
3,3
3,3
3,3
3,3
3,3
3,3
3,36
3,36
3,3
3,3
3,3
3,10
3,18
3,18
3,18
3,3
3,3
3,3
3,20
3,17
3,20
3,36
3,3
3,3
3,3
3,34
3,3
3,3
3,10
3,10
3,36
3,3
3,3
3,34
3,3
3,10
3,18
3,34
3,3
3,10
3,3
3,3
3,3
3,3
3,3
3,10
3,3
3,3
3,3
3,18
3,3
3,3
3,18
3,20
3,3
3,3
3,3
3,3
3,18
3,34
3,18
3,3
3,3
3,10
3,3
3,3
3,22
3,36
3,6
3,18
3,18
3,18
3,3
3,3
3,18
3,18
3,3
3,22
3,3
3,3
3,18
3,3
3,14
3,3
3,3
3,3
3,3
3,3
3,3
3,3
3,3
3,18
3,18
3,3
3,3
3,3
3,3
3,18
3,3
3,3
3,18
3,18
3,3
3,3
3,18
3,3
3,3
3,3
3,18
3,3
3,3
3,3
3,3
3,3
3,20
3,3
3,18
3,10
3,17
3,3
3,36
3,35
3,3
3,20
3,20
3,3
3,18
3,3
3,3
3,10
3,3
3,3
3,18
3,18
3,3
3,20
3,18
3,3
3,3
3,3
3,3
3,3
3,36
3,28
3,3
3,18
3,20
3,3
3,18
3,3
3,3
3,3
3,8
3,36
3,3
3,3
3,3
3,3
3,3
3,10
3,18
3,36
3,3
3,3
3,18
3,3
3,3
3,10
3,3
3,3
3,18
3,27
3,3
3,3
3,3
3,18
3,3
3,28
3,18
3,3
3,3
3,22
3,3
3,10
3,20
3,20
3,3
3,3
3,22
3,20
3,3
3,3
3,3
3,3
3,3
3,3
3,18
3,18
3,20
3,3
3,3
3,3
3,3
3,3
3,23
3,3
3,3
3,18
3,3
3,3
3,35
3,3
3,3
3,20
3,34
3,3
3,10
3,3
3,3
3,3
3,18
3,10
3,18
3,3
3,34
3,3
3,36
3,3
3,3
3,3
3,31
3,3
3,3
3,3
3,3
3,10
3,3
3,3
3,3
3,10
3,3
3,20
3,3
3,18
3,3
3,3
3,3
3,3
3,18
3,3
3,3
3,20
3,18
3,3
3,3
3,3
3,18
3,3
3,3
3,18
3,3
3,18
3,3
3,28
3,3
3,20
3,3
3,3
3,3
3,36
3,3
3,3
3,8
3,3
3,3
3,3
3,3
3,18
3,3
3,36
3,3
3,3
3,18
3,3
3,3
3,36
3,36
3,3
3,18
3,18
3,3
3,3
3,36
3,3
3,3
3,3
3,36
3,3
3,10
3,3
3,8
3,3
3,3
3,3
3,3
3,36
3,3
3,3
3,3
3,36
3,3
3,3
3,20
3,3
3,3
3,3
3,3
3,18
3,20
3,3
3,3
3,3
3,18
3,3
3,3
3,3
3,3
3,3
3,3
3,3
3,35
3,17
3,3
3,36
3,3
3,3
3,36
3,3
3,31
3,3
3,3
3,18
3,3
3,3
3,20
3,3
3,3
3,3
3,36
3,10
3,36
3,3
3,3
3,3
3,18
3,10
3,3
3,35
3,18
3,18
3,3
3,3
3,3
3,17
3,3
3,3
3,3
3,3
3,10
3,3
3,3
3,20
3,3
3,3
3,18
3,3
3,3
3,3
3,3
3,3
3,3
3,3
3,20
3,36
3,3
3,3
3,3
3,3
3,3
3,3
3,35
3,3
3,3
3,3
3,10
3,18
3,3
3,3
3,3
3,3
3,3
3,18
3,3
3,3
3,18
3,3
3,3
3,20
3,3
3,17
3,10
3,34
3,36
3,18
3,36
3,3
3,3
3,18
3,3
3,3
3,3
3,3
3,36
3,23
3,18
3,18
3,3
3,3
3,3
3,3
3,3
3,17
3,18
3,36
3,3
3,3
3,3
3,3
3,36
3,3
3,3
3,36
3,8
3,8
3,3
3,33
3,3
3,28
3,3
3,3
3,3
3,3
3,34
3,3
3,3
3,3
3,3
3,3
3,3
3,18
3,3
3,10
3,3
3,3
3,3
3,3
3,0
3,3
3,3
3,3
3,3
3,3
3,3
3,18
3,28
3,10
3,3
3,36
3,3
3,3
3,3
3,10
3,3
3,3
3,36
3,3
3,3
3,3
3,36
3,34
3,36
3,36
3,36
3,8
3,3
3,3
3,3
3,3
3,3
3,3
3,3
3,28
3,33
3,3
3,3
3,3
3,20
3,3
3,3
3,18
3,3
3,3
3,3
3,10
3,3
3,3
3,3
3,3
3,3
3,3
3,8
3,3
3,36
3,20
3,3
3,10
3,3
3,20
3,3
3,3
3,3
3,3
3,3
3,36
3,3
3,22
3,3
3,36
3,20
3,3
3,3
3,36
3,3
3,36
3,3
3,3
3,3
3,3
3,3
3,35
3,3
3,22
3,36
3,8
3,36
3,36
3,3
3,3
3,3
3,3
3,3
3,36
3,3
3,3
3,3
3,3
3,3
3,3
3,36
3,3
3,3
3,36
3,3
3,36
3,18
3,20
3,3
3,3
3,18
3,3
3,3
3,3
3,3
3,8
3,3
3,18
3,17
3,3
3,3
3,3
3,3
3,18
3,36
3,3
3,3
3,3
3,20
3,10
3,36
3,3
3,3
3,3
3,36
3,3
3,3
3,18
3,3
3,33
3,10
3,23
3,18
3,3
3,3
3,3
3,34
3,3
3,13
3,17
3,22
3,33
3,3
3,3
3,3
3,3
3,10
3,33
3,23
3,20
3,20
3,3
3,3
3,3
3,8
3,3
3,10
3,18
3,34
3,27
3,3
3,3
3,20
3,6
3,3
3,36
3,3
3,3
3,27
3,8
3,36
3,35
3,34
3,14
3,20
3,36
3,8
3,3
3,10
3,3
3,3
3,3
3,36
3,3
3,27
3,3
3,3
3,3
3,3
3,3
3,3
3,36
3,20
3,10
3,3
3,3
3,3
3,18
3,3
3,8
3,3
3,13
3,36
3,3
3,3
3,17
3,3
3,23
3,36
3,28
3,8
3,10
3,3
3,33
3,36
3,36
3,22
3,8
3,3
3,3
3,20
3,36
3,3
3,3
3,36
3,3
3,3
3,3
3,36
3,3
3,8
3,3
3,3
3,3
3,3
3,3
3,3
3,36
3,20
3,18
3,10
3,3
3,3
3,3
3,3
3,3
3,36
3,3
3,3
3,3
3,20
3,3
3,18
3,20
3,36
3,3
3,10
3,3
3,13
3,3
3,36
3,3
3,36
3,10
3,6
3,3
3,3
3,20
3,3
3,3
3,36
3,17
3,18
3,3
3,3
3,10
3,18
3,3
3,36
3,3
3,3
3,10
3,3
3,3
3,20
3,36
3,3
3,18
3,27
3,8
3,3
3,36
3,18
3,3
3,33
3,3
3,3
3,3
3,3
3,18
3,20
3,3
3,3
3,20
3,36
3,20
3,3
3,28
3,3
3,3
3,34
3,3
3,3
3,3
3,20
3,3
3,18
3,3
3,33
3,3
3,3
3,20
3,3
3,3
3,20
3,3
3,20
3,3
3,3
3,3
3,13
3,3
3,3
3,18
3,18
3,3
3,3
3,3
3,36
3,27
3,10
3,18
3,3
3,3
3,3
3,3
3,3
3,3
3,36
3,10
3,36
3,3
3,3
3,3
3,3
3,18
3,23
3,22
3,3
3,36
3,3
3,36
3,3
3,34
3,18
3,3
3,3
3,3
3,3
3,3
3,3
3,3
3,3
3,3
3,3
3,18
3,20
3,3
3,3
3,34
3,3
3,3
3,3
3,36
3,3
3,10
3,18
3,3
3,8
3,3
3,3
3,36
3,3
3,3
3,3
3,3
3,3
3,3
3,36
3,3
3,3
3,3
3,36
3,33
3,36
3,17
3,36
3,20
3,10
3,20
3,28
3,20
3,3
3,3
3,31
3,34
3,28
3,3
3,18
3,3
3,3
3,35
3,3
3,13
3,3
3,20
3,3
3,3
3,36
3,18
3,36
3,3
3,3
3,3
3,3
3,20
3,3
3,3
3,3
3,33
3,20
3,28
3,18
3,18
3,3
3,3
3,22
3,3
3,3
3,3
3,10
3,3
3,3
3,36
3,3
3,3
3,3
3,35
3,3
3,3
3,3
3,3
3,35
3,36
3,3
3,3
3,10
3,18
3,20
3,18
3,20
3,3
3,10
3,3
3,23
3,3
3,3
3,3
3,3
3,3
3,10
3,3
3,3
3,3
3,34
3,3
3,18
3,3
3,3
3,3
3,3
3,3
3,3
3,3
3,3
3,8
3,3
3,3
3,3
3,3
3,3
3,3
3,3
3,3
3,3
3,3
3,33
3,18
3,3
3,0
3,3
3,3
3,3
3,3
3,3
3,34
3,3
3,3
3,3
3,3
3,3
3,3
3,20
3,3
3,36
3,36
3,3
3,3
3,3
3,3
3,22
3,28
3,3
3,20
3,10
3,36
3,3
3,3
3,3
3,36
3,34
3,3
3,20
3,3
3,3
3,20
3,3
3,3
3,36
3,3
3,10
3,3
3,8
3,36
3,3
3,3
3,3
3,36
3,20
3,18
3,36
3,3
3,3
3,3
3,3
3,3
3,3
3,10
3,20
3,3
3,20
3,9
3,3
3,33
3,3
3,28
3,30
3,12
3,3
3,3
3,36
3,3
3,6
3,3
3,36
3,36
3,36
3,19
3,8
3,18
3,35
3,36
3,10
3,3
3,3
3,3
3,10
3,3
3,10
3,10
3,8
3,36
3,3
3,3
3,3
3,36
3,3
3,32
3,6
3,3
3,3
3,22
3,3
3,33
3,33
3,20
3,3
3,20
3,36
3,20
3,28
3,3
3,36
3,36
3,3
3,9
3,3
3,3
3,30
3,10
3,36
3,3
3,3
3,3
3,3
3,18
3,3
3,3
3,3
3,18
3,23
3,10
3,3
3,36
3,3
3,3
3,8
3,22
3,3
3,22
3,3
3,20
3,3
3,36
3,8
3,3
3,36
3,8
3,3
3,18
3,3
3,3
3,3
3,3
3,35
3,10
3,3
3,3
3,18
3,3
3,20
3,23
3,3
3,36
3,3
3,20
3,3
3,36
3,36
3,3
3,3
3,3
3,18
3,20
3,3
3,3
3,18
3,3
3,36
3,3
3,36
3,3
3,3
3,36
3,18
3,3
3,34
3,3
3,36
3,10
3,3
3,20
3,10
3,3
3,3
3,3
3,3
3,3
3,18
3,3
3,3
3,10
3,3
3,18
3,8
3,3
3,18
3,20
3,3
3,33
3,31
3,3
3,3
3,23
3,3
3,3
3,22
3,10
3,18
3,3
3,18
3,8
3,10
4,4
4,4
4,4
4,4
4,4
4,4
4,4
4,4
4,4
4,4
4,4
4,4
4,4
4,4
4,4
4,4
4,4
4,4
4,4
4,4
4,4
4,4
4,4
4,4
4,4
4,4
4,4
4,4
4,4
4,4
4,4
4,4
4,4
4,4
4,4
4,4
4,4
4,4
4,4
4,4
4,4
4,4
4,4
5,5
5,5
5,5
5,5
5,5
5,5
5,5
5,5
5,9
5,5
5,5
5,5
5,5
5,5
5,5
5,21
5,5
5,5
5,9
5,5
5,5
5,5
5,9
5,5
5,5
5,21
5,5
5,21
5,5
5,5
5,5
5,9
5,9
5,5
5,5
5,5
5,5
5,5
5,5
5,5
5,21
5,5
5,5
5,5
5,5
5,9
5,5
5,5
5,9
5,5
5,5
5,9
5,5
5,5
5,5
5,5
5,5
5,5
5,5
5,5
5,5
5,5
5,5
5,5
5,5
5,5
5,5
5,5
5,5
5,5
5,5
5,5
5,5
5,5
5,5
5,5
5,5
5,5
5,5
5,21
5,5
5,21
5,5
5,21
5,5
5,21
5,5
5,5
5,5
5,5
5,5
5,5
5,5
5,5
5,5
5,5
5,5
5,9
5,5
5,5
5,5
5,5
5,5
5,5
5,5
5,5
5,5
5,5
5,5
5,5
5,5
5,5
5,5
5,5
5,5
5,5
5,5
5,5
5,5
5,5
5,5
5,5
5,5
5,5
5,5
5,5
5,5
5,5
5,5
5,21
5,21
5,5
5,5
5,5
5,5
5,5
5,5
5,5
5,5
5,5
5,5
5,21
5,5
5,5
5,5
5,5
5,5
5,5
5,5
5,5
5,5
5,5
5,9
5,5
5,5
5,5
5,21
5,5
5,5
5,5
5,5
5,5
5,5
5,5
5,5
5,5
5,5
5,5
5,5
5,5
5,5
5,5
5,5
5,5
5,5
5,5
5,5
5,5
5,5
5,5
5,5
5,5
5,5
5,5
5,5
5,5
5,21
5,5
5,5
5,5
5,5
5,9
5,21
5,5
5,5
5,5
5,21
5,5
5,21
5,5
5,21
5,5
5,5
5,5
5,5
5,5
5,5
5,5
5,5
5,5
5,21
5,5
5,5
5,5
5,5
5,5
5,5
5,5
5,5
5,5
5,5
5,5
5,5
5,21
5,5
5,5
5,5
5,5
5,5
5,5
5,5
5,5
5,5
5,5
5,5
5,5
5,5
5,5
5,24
5,5
5,5
5,5
5,5
5,8
5,5
5,5
5,5
5,5
5,5
5,5
5,5
5,5
5,5
5,5
5,5
5,5
5,5
5,5
5,5
5,5
5,5
5,5
5,5
5,5
5,5
5,5
5,5
5,5
5,5
5,5
5,21
5,5
5,5
5,5
5,9
5,5
5,5
5,5
5,5
5,5
5,5
5,5
5,5
5,5
5,5
5,5
5,5
5,5
5,5
5,5
5,5
5,5
5,5
5,5
6,6
6,6
6,6
6,6
6,6
6,6
6,6
6,6
6,6
6,6
6,6
6,6
6,6
6,6
6,6
6,6
6,6
6,6
6,6
6,6
6,6
6,6
6,6
6,6
6,6
6,6
7,7
7,7
7,7
7,7
7,7
7,7
7,7
7,7
7,7
7,7
7,7
7,7
7,7
7,7
7,7
7,7
7,7
7,7
7,7
7,7
7,7
7,7
7,7
7,7
7,7
7,7
7,7
7,7
7,7
7,7
7,7
8,8
8,8
8,8
8,8
8,8
8,8
8,8
8,20
8,8
8,33
8,8
8,8
8,8
8,8
8,8
8,8
8,8
8,8
8,8
8,8
8,8
8,8
8,8
8,8
8,8
8,8
8,8
8,8
8,26
8,8
8,8
8,8
8,8
8,8
8,8
8,8
8,8
8,3
8,8
8,23
8,8
8,8
8,8
8,8
8,8
8,7
8,8
8,8
8,8
8,8
8,8
8,8
8,8
8,8
8,8
8,8
8,8
8,8
8,14
8,8
8,7
8,8
8,8
8,8
8,8
8,8
8,8
8,8
8,8
8,8
8,8
8,8
8,8
8,8
8,8
8,8
8,8
8,8
8,8
8,8
8,8
8,8
8,8
8,8
8,8
8,8
8,8
8,8
8,8
8,8
8,8
8,8
8,26
8,8
8,8
8,8
8,8
8,8
8,8
8,8
8,8
8,8
8,8
8,8
8,12
8,8
8,15
8,8
8,8
8,18
8,8
8,8
8,8
8,8
8,8
8,8
8,8
8,8
8,8
8,8
8,8
8,8
8,8
8,8
8,8
8,8
8,8
8,14
8,8
8,8
8,11
8,11
8,8
8,8
8,8
8,8
8,8
8,8
8,26
8,8
8,8
8,8
8,8
8,8
8,8
8,8
8,8
8,8
8,8
8,8
8,8
8,8
8,8
8,8
8,8
8,8
8,8
8,8
8,8
8,1
8,8
8,8
8,8
8,8
8,8
8,8
8,8
9,30
9,5
9,5
9,9
9,9
9,9
9,9
9,9
9,30
9,30
9,30
9,9
9,9
9,9
9,9
9,9
9,9
9,5
9,18
9,9
9,9
9,9
9,36
9,21
9,9
9,9
9,9
9,14
9,30
9,5
9,9
9,9
9,5
9,30
9,30
9,9
9,5
9,9
9,10
9,10
9,9
9,21
9,9
9,9
9,5
9,19
9,9
9,9
9,30
9,9
9,9
9,9
9,5
9,9
9,21
9,9
9,35
9,9
9,9
9,9
9,9
9,21
9,9
9,9
9,9
9,9
9,9
9,36
9,9
9,21
9,8
9,9
9,14
9,9
9,9
9,9
9,9
9,8
9,9
9,9
9,9
9,9
9,9
9,9
9,9
9,30
9,9
9,5
9,9
9,9
9,9
9,9
9,21
9,9
9,8
9,9
9,5
9,21
9,14
9,9
9,9
9,5
9,9
9,9
9,9
9,5
9,9
9,5
9,9
9,30
9,9
9,9
9,21
9,5
9,9
9,9
9,9
9,21
9,9
9,9
9,9
9,9
9,21
9,19
9,19
9,9
9,21
9,9
9,5
9,8
9,21
9,9
9,9
9,9
9,9
9,5
9,19
9,26
9,5
9,9
9,5
9,9
9,9
9,8
9,9
9,9
9,9
9,21
9,9
9,21
9,9
9,9
9,9
9,9
9,9
9,9
9,9
9,18
9,9
9,30
9,10
9,30
9,9
9,9
9,9
9,21
9,9
9,21
9,9
9,9
9,8
9,9
9,9
9,9
9,9
9,9
9,8
9,9
9,9
9,36
9,9
9,9
9,9
9,30
9,14
9,5
9,5
9,5
9,9
9,9
9,9
9,9
9,9
9,9
9,21
9,9
9,9
9,9
9,9
9,9
9,5
9,9
9,21
9,21
9,30
9,30
9,9
9,9
9,18
9,9
9,9
9,30
9,9
9,9
9,0
9,21
9,5
9,5
9,9
9,5
9,19
9,9
9,5
9,9
9,9
9,36
9,5
9,9
9,9
9,19
9,5
9,9
9,9
9,9
9,5
9,30
9,30
9,9
9,9
9,9
9,9
9,9
9,9
9,9
9,9
9,9
9,9
9,9
9,21
9,9
9,21
9,21
9,9
9,7
9,5
9,5
9,9
9,21
9,9
9,21
9,5
9,9
9,5
9,9
9,9
9,9
9,21
9,5
9,21
9,5
9,9
9,21
9,9
9,9
9,21
9,21
9,9
9,5
9,9
9,9
9,9
9,9
9,30
9,30
9,9
9,19
9,30
9,19
9,9
9,9
9,21
9,19
9,19
9,21
9,9
9,19
9,9
9,21
9,33
9,9
9,9
9,33
9,21
9,9
9,5
9,9
9,9
9,15
9,14
9,9
9,9
9,9
9,9
9,19
9,9
9,9
9,9
9,9
9,9
9,9
9,9
9,5
9,9
9,9
9,19
9,9
9,9
9,9
9,5
9,9
9,21
9,19
9,9
9,9
9,9
9,33
9,9
9,9
9,9
9,21
9,9
9,9
9,9
9,7
9,21
9,9
9,9
9,21
9,9
9,30
9,9
9,9
9,9
9,33
9,9
9,9
9,19
9,9
9,9
9,30
9,9
9,9
9,9
9,19
9,5
9,19
9,19
9,19
9,5
9,5
9,19
9,19
9,9
9,9
9,36
9,8
9,19
9,9
9,9
9,9
9,9
9,30
9,9
9,30
9,9
9,19
9,21
9,9
9,0
9,36
9,19
9,9
9,9
9,9
9,9
9,8
9,14
9,9
9,9
9,10
9,5
9,9
9,9
9,9
9,5
9,9
9,5
9,19
9,30
9,30
9,9
9,9
9,19
9,9
9,9
9,9
9,18
9,30
9,9
9,30
9,9
9,30
9,19
9,36
9,9
9,22
9,9
9,9
9,33
9,9
9,9
9,9
9,36
9,9
9,14
9,21
9,9
9,21
9,30
9,5
9,9
9,9
9,9
9,21
9,9
9,9
9,5
9,35
9,9
9,9
9,33
9,5
9,9
9,9
9,21
9,9
9,9
9,9
9,9
9,33
9,1
9,5
9,19
9,9
9,9
9,16
9,9
9,21
9,30
9,19
9,9
9,19
9,9
9,9
9,19
9,9
9,9
9,19
9,19
9,9
9,9
9,9
9,9
9,9
9,9
9,19
9,9
9,21
9,9
9,9
9,9
9,9
9,9
9,9
9,9
9,5
9,9
9,30
9,30
9,24
9,21
9,15
9,21
9,9
9,5
9,9
9,9
9,9
9,19
9,33
9,9
9,19
9,19
9,9
9,9
9,9
9,9
9,19
9,9
9,19
9,5
9,9
9,9
9,19
9,9
9,9
9,9
9,30
9,30
9,14
9,30
9,19
9,21
9,9
9,9
9,9
9,9
9,5
9,19
9,19
9,9
9,9
9,19
9,19
9,21
9,19
9,8
9,21
9,9
9,30
9,9
9,9
9,9
9,9
9,9
9,9
9,19
9,9
9,19
9,9
9,9
9,9
9,18
9,9
9,9
9,9
9,19
9,9
9,9
9,24
9,9
9,5
9,35
9,9
9,14
9,9
9,9
9,9
9,36
9,9
9,9
9,36
9,10
9,9
9,9
9,9
10,10
10,10
10,30
10,10
10,10
10,10
10,10
10,10
10,10
10,30
10,10
10,10
10,9
10,30
10,10
10,30
10,10
10,10
10,20
10,30
10,10
10,10
10,10
10,10
10,3
10,10
10,23
10,10
10,10
10,10
10,10
10,23
10,23
10,10
10,27
10,19
10,10
10,8
10,10
10,10
10,10
10,23
10,10
10,10
10,10
10,10
10,10
10,10
10,10
10,27
10,10
10,23
10,10
10,10
10,19
10,3
10,14
10,10
10,10
10,36
10,30
10,30
10,10
10,23
10,23
10,23
10,10
10,10
10,10
10,10
10,10
10,36
10,10
10,36
10,30
10,10
10,36
10,3
10,10
10,30
10,10
10,3
10,10
10,30
10,3
10,30
10,23
10,23
10,10
10,10
10,10
10,10
10,10
10,10
10,10
10,30
10,18
10,14
10,35
10,10
10,30
10,10
10,10
10,10
10,36
10,10
10,10
10,10
10,10
10,10
10,10
10,10
10,30
10,3
10,10
10,10
10,10
10,11
10,10
10,9
10,30
10,10
10,10
10,10
10,23
10,10
10,17
10,3
10,10
10,10
10,10
10,10
10,10
10,10
10,10
10,10
10,10
10,10
10,23
10,30
10,36
10,10
10,10
10,10
10,10
10,36
10,17
10,10
10,10
10,30
10,19
10,10
10,10
10,10
10,10
10,10
10,10
10,30
10,10
10,10
10,10
10,20
10,10
10,22
10,30
10,10
10,10
10,10
10,30
10,10
10,23
10,10
10,30
10,3
10,10
10,10
10,10
10,30
10,10
10,30
10,30
10,10
10,10
10,20
10,30
10,10
10,10
10,10
10,10
10,10
10,30
10,30
10,10
10,10
10,30
10,10
10,30
10,10
10,10
10,10
10,10
10,10
10,10
10,10
10,10
10,10
10,10
10,23
10,10
10,30
10,10
10,10
10,30
10,10
10,30
10,0
10,14
10,10
10,23
10,30
10,10
10,3
10,10
10,10
10,10
10,10
10,10
10,30
10,10
10,36
10,9
10,17
10,14
10,10
10,30
10,23
10,10
10,30
10,10
10,30
10,30
10,10
10,10
10,23
10,10
10,10
10,10
10,10
10,34
10,30
10,10
10,35
10,10
10,23
10,10
10,10
10,23
10,10
10,3
10,10
10,10
10,20
10,10
10,10
10,36
10,30
10,10
10,10
10,10
10,10
10,23
10,10
10,36
10,10
10,10
10,10
10,3
10,10
10,10
10,10
10,23
10,10
10,10
10,23
10,10
10,10
10,17
10,10
10,28
10,10
10,10
10,35
10,10
10,10
10,3
10,36
10,10
10,10
10,23
10,10
10,30
10,10
10,0
10,10
10,10
10,23
10,10
10,23
10,36
10,27
10,30
10,36
10,10
10,35
10,30
10,10
10,10
10,10
10,34
10,10
10,10
10,10
10,23
10,30
10,10
10,36
10,10
10,20
10,10
10,10
10,10
10,23
10,10
10,17
10,30
10,30
10,3
10,10
10,10
10,17
10,28
10,10
10,10
10,10
10,0
10,10
10,30
10,30
10,36
10,36
10,10
10,23
10,14
10,30
10,23
10,36
10,10
10,17
10,10
10,10
10,10
10,36
10,23
10,10
10,10
10,30
10,23
10,10
10,10
10,10
10,30
10,36
10,10
10,36
10,14
10,30
10,10
10,36
10,30
10,30
10,10
10,10
10,23
10,10
10,10
10,10
10,30
10,30
10,10
10,30
10,10
10,33
10,10
10,10
10,10
10,0
10,10
10,10
10,35
10,14
10,10
10,30
10,36
10,20
10,10
10,30
10,10
10,36
10,10
10,10
10,30
10,10
10,36
10,10
10,10
10,10
10,36
10,23
10,9
10,10
10,30
10,30
10,6
10,23
10,30
10,36
10,36
10,30
10,30
10,10
10,10
10,23
10,10
10,10
10,10
10,10
10,18
10,14
10,10
10,10
10,10
10,10
10,35
10,10
10,30
10,10
10,10
10,30
10,23
10,10
10,30
10,10
10,10
10,3
10,30
10,30
10,10
10,10
10,10
10,10
10,30
10,10
10,28
10,36
10,30
10,30
10,10
10,30
10,36
10,10
10,10
10,10
10,36
10,10
10,10
10,10
10,10
10,30
10,6
10,10
10,23
10,10
10,10
10,10
10,10
10,10
10,30
10,10
10,30
10,23
10,10
10,10
10,10
10,35
10,10
10,10
10,30
10,9
10,10
10,10
10,30
10,10
10,18
10,10
10,10
10,23
10,30
10,23
10,6
10,10
10,10
10,10
10,0
10,10
10,30
10,10
10,23
10,10
10,27
10,20
10,23
10,17
10,30
10,23
10,19
10,10
10,10
10,30
10,10
10,30
10,33
10,10
10,10
10,10
10,10
10,10
10,30
10,23
10,10
10,10
10,23
10,10
10,10
10,23
10,23
10,10
10,18
10,35
10,10
10,23
10,10
10,10
10,3
10,10
10,10
10,20
10,10
10,10
10,10
10,10
10,10
10,17
10,10
10,30
10,10
10,30
10,10
10,10
10,10
10,10
10,10
10,10
10,10
10,10
10,10
10,10
10,14
10,23
10,10
10,30
10,23
10,10
10,22
10,23
10,10
10,10
10,10
10,10
10,10
10,10
10,36
10,10
10,10
10,10
10,10
10,23
10,23
10,30
10,30
10,10
10,10
10,30
10,10
10,10
10,10
10,30
10,10
10,10
10,10
10,3
10,10
10,23
10,10
10,10
10,10
10,10
10,10
10,10
10,30
10,30
10,23
10,30
10,10
10,10
10,30
10,10
10,36
10,10
10,10
10,10
10,10
10,23
10,23
10,30
10,20
10,35
10,23
10,30
10,23
10,10
10,10
10,10
10,36
10,10
10,27
10,30
10,35
10,8
10,10
10,23
10,10
10,10
10,30
10,23
10,20
10,10
10,10
10,10
10,10
10,31
10,10
10,23
10,30
10,10
10,23
10,10
10,30
10,23
10,20
10,10
10,10
10,10
10,35
10,10
10,10
10,23
10,27
10,30
10,30
10,10
10,10
10,10
10,23
10,10
10,10
10,10
10,17
10,10
10,10
10,23
10,10
10,20
10,10
10,10
10,30
10,23
10,10
10,23
10,0
10,10
10,30
10,10
10,10
10,10
10,10
10,23
10,10
10,17
10,10
10,30
10,10
10,10
10,10
10,10
10,23
10,30
10,10
10,36
10,23
10,10
10,35
10,23
10,27
10,30
10,10
10,10
10,30
10,23
10,23
10,10
10,23
10,23
10,30
10,3
10,10
10,36
10,10
10,30
10,30
10,10
10,23
10,23
10,3
10,30
10,30
10,10
10,10
10,10
10,36
10,23
10,10
10,10
10,10
10,23
10,23
10,10
10,30
10,10
10,35
10,10
10,23
10,10
10,23
10,23
10,10
10,10
10,10
10,10
10,10
10,30
10,23
10,10
10,10
10,22
10,10
10,10
10,23
10,23
10,30
10,36
10,17
10,22
10,10
10,10
10,10
10,35
10,10
10,10
10,34
11,11
11,11
11,11
11,11
11,11
11,11
11,11
11,11
11,11
11,11
11,11
11,11
11,11
11,11
11,11
11,11
11,11
11,11
11,11
11,11
11,11
11,11
11,11
11,11
11,11
11,11
11,11
11,11
11,11
11,11
11,11
11,11
11,11
11,11
11,11
11,11
11,8
11,11
11,11
11,11
11,11
11,11
11,11
11,11
11,11
11,11
11,11
11,11
11,11
11,11
11,11
12,12
12,12
12,12
12,12
12,12
12,12
12,12
12,12
12,12
12,12
12,12
12,12
12,12
12,12
12,12
12,12
12,12
12,12
12,12
12,12
12,12
12,12
12,12
12,12
12,12
12,12
12,12
12,26
12,12
12,12
12,12
12,12
12,12
12,12
12,12
12,12
12,12
12,12
12,26
12,12
12,12
12,12
12,12
12,12
12,12
12,12
12,12
12,12
12,12
12,12
12,12
12,26
12,12
12,12
13,13
13,13
13,13
13,13
13,13
13,13
13,13
13,13
13,13
13,13
13,13
13,13
13,13
13,13
13,13
13,13
13,13
13,13
13,13
13,13
13,13
13,13
13,13
13,13
13,13
13,13
13,13
13,13
13,13
13,13
13,13
13,13
13,13
13,13
13,13
13,13
13,13
13,13
13,13
13,13
13,13
13,13
13,13
13,13
13,13
13,13
13,13
13,13
13,13
13,13
13,13
13,13
13,13
13,13
13,13
13,13
13,13
13,13
13,13
13,13
13,13
13,13
13,13
13,13
13,13
13,13
13,18
13,13
13,13
13,13
13,13
13,13
13,13
13,13
13,13
13,13
13,13
13,13
13,13
13,13
13,13
13,13
13,13
13,13
13,13
13,13
13,13
13,13
13,13
13,13
13,13
13,13
13,13
13,13
13,13
13,13
13,13
13,13
13,13
13,13
13,13
13,13
13,13
13,13
13,13
13,13
13,13
13,13
13,13
13,13
13,13
13,13
13,13
13,13
13,13
13,13
13,13
13,13
13,13
13,13
13,13
13,13
13,13
14,14
14,14
14,36
14,14
14,18
14,15
14,14
14,14
14,14
14,14
14,14
14,14
14,23
14,14
14,14
14,14
14,14
14,14
14,23
14,14
14,14
14,14
14,35
14,14
14,14
14,14
14,14
14,35
14,14
14,14
14,17
14,14
14,14
14,14
14,14
14,14
14,14
14,14
14,14
14,14
14,35
14,14
14,14
14,14
14,14
14,14
14,14
14,14
14,14
14,10
14,14
14,14
14,14
14,14
14,14
14,14
14,14
14,14
14,14
14,14
14,22
14,14
14,14
14,35
14,14
14,14
14,14
14,14
14,14
14,35
14,14
14,36
14,14
14,14
14,14
14,14
14,14
14,14
14,14
14,14
14,31
14,14
14,14
14,14
14,22
14,23
14,14
14,14
14,35
14,14
14,14
14,14
14,10
14,34
14,14
14,14
14,14
14,14
14,14
14,14
14,14
14,14
14,14
14,14
14,14
14,14
14,14
14,13
14,14
14,14
14,14
14,14
14,14
14,14
14,14
14,14
14,14
14,14
14,14
14,14
14,14
14,17
14,14
14,14
14,15
14,14
14,14
14,14
14,14
14,14
14,14
14,14
14,14
14,14
14,14
14,14
14,14
14,14
14,14
14,14
14,13
14,14
14,14
14,14
14,14
14,14
14,14
14,35
14,14
14,14
14,14
14,14
14,14
14,30
14,14
14,14
14,35
14,13
14,14
14,14
14,14
14,14
14,14
14,14
14,14
14,14
14,14
14,14
14,14
14,14
14,14
14,14
14,14
14,14
14,14
14,14
14,14
14,14
14,14
14,35
14,14
14,14
14,14
14,14
14,14
14,14
14,35
14,14
14,14
14,14
14,14
14,14
14,23
14,14
14,6
14,36
14,14
14,14
14,14
14,14
14,0
14,14
14,14
14,14
14,14
14,14
14,14
14,14
14,14
14,14
14,35
14,14
14,14
14,14
14,14
14,14
14,35
14,14
14,14
14,14
14,14
14,14
14,14
14,14
14,14
14,14
14,14
14,14
14,14
14,14
14,35
14,14
14,14
14,14
14,14
14,14
14,14
14,14
14,14
14,14
14,14
14,14
14,14
14,14
14,14
14,14
14,14
14,35
14,14
14,14
14,14
14,14
14,32
14,14
14,14
14,35
14,14
14,14
14,14
14,14
14,14
14,14
14,14
14,36
14,14
14,15
14,14
14,14
14,14
14,14
14,14
14,14
14,14
14,14
14,14
14,14
14,14
14,14
14,14
14,14
14,14
14,14
14,14
14,14
14,14
14,14
14,14
14,14
14,14
14,14
14,14
14,14
14,14
14,14
14,14
14,14
14,14
14,14
14,14
14,14
14,14
14,14
14,35
14,14
14,14
14,14
14,14
14,14
14,14
14,14
14,14
14,15
14,14
14,14
14,14
14,14
14,14
14,3
14,14
14,14
14,14
14,14
14,14
14,14
14,14
14,8
14,14
14,14
14,14
14,14
14,14
14,14
14,14
14,14
14,36
14,14
14,14
14,14
14,15
14,14
14,14
14,14
14,14
14,14
14,14
14,14
14,14
14,14
14,8
14,14
14,14
14,14
14,36
14,35
14,14
14,14
14,14
14,14
14,14
14,14
14,14
14,14
14,14
14,14
14,14
14,14
14,14
14,14
14,14
14,14
14,14
14,14
14,14
14,14
14,14
14,14
14,14
14,14
14,14
14,14
14,14
14,14
14,14
14,14
14,14
14,14
14,14
14,14
14,14
14,14
14,14
14,14
14,14
14,14
14,14
14,14
14,14
14,35
14,14
14,14
14,14
14,14
14,14
14,14
14,14
14,14
14,14
14,14
14,14
14,15
14,14
14,14
14,14
14,14
14,14
14,14
14,14
14,14
14,14
14,14
14,14
14,14
14,14
14,14
14,6
14,14
14,14
14,14
14,14
14,14
14,14
14,14
14,14
14,14
14,14
14,36
14,15
14,14
14,14
14,14
14,15
14,14
14,14
14,14
14,14
14,14
14,14
14,25
14,14
14,14
14,14
14,14
14,17
14,14
14,14
14,13
14,14
14,14
14,14
14,14
14,14
14,14
14,14
14,14
14,14
14,14
14,14
14,14
14,14
14,14
14,14
14,14
14,14
14,14
14,14
14,14
14,14
14,14
14,14
14,14
14,34
14,14
14,14
14,14
14,14
14,14
14,14
14,14
14,14
14,14
14,32
14,14
14,14
14,14
14,14
14,14
14,14
14,14
14,14
14,14
14,14
14,14
14,14
14,14
14,14
14,14
14,14
14,14
14,14
14,14
14,14
14,35
14,14
14,14
14,14
14,14
14,14
14,14
14,14
14,14
14,14
14,14
14,14
14,14
14,14
14,14
14,14
14,14
14,14
14,14
14,14
14,14
14,14
14,14
14,14
14,14
14,14
14,14
14,14
14,14
14,14
14,14
14,14
14,14
14,14
14,14
14,14
14,14
14,14
14,14
14,14
14,14
14,14
14,14
14,14
14,14
14,14
14,14
14,14
14,14
14,15
14,14
14,14
14,14
14,14
14,17
14,14
14,14
14,8
14,14
14,14
14,14
15,15
15,15
15,15
15,15
15,15
15,15
15,15
15,15
15,15
15,15
15,15
15,15
15,15
15,15
15,15
15,15
15,15
15,15
15,15
15,15
15,15
15,15
15,15
15,15
15,15
15,15
15,15
15,15
15,15
15,15
15,15
15,15
15,15
15,15
15,15
15,15
15,15
15,15
15,15
15,15
15,15
15,15
15,15
15,15
15,15
15,15
15,15
15,15
15,15
15,15
15,15
15,15
15,15
15,15
15,15
15,15
15,15
15,15
15,15
15,15
15,15
15,15
15,15
15,15
15,15
15,15
15,15
15,15
15,15
15,15
16,16
16,16
16,16
16,16
16,16
16,16
16,16
16,16
16,16
16,16
16,16
16,16
16,16
16,16
16,16
16,16
16,16
16,16
16,16
16,16
16,16
16,16
16,16
16,16
16,16
16,16
16,16
16,16
16,16
16,16
16,16
16,16
16,16
16,16
16,16
17,17
17,17
17,17
17,17
17,17
17,17
17,17
17,17
17,17
17,17
17,17
17,17
17,17
17,17
17,17
17,17
17,17
17,17
17,17
17,17
17,17
17,17
17,17
17,17
17,17
17,17
17,17
17,17
17,17
17,17
17,17
17,17
17,17
17,17
17,17
17,17
17,17
17,17
17,17
17,17
17,17
17,17
17,17
17,17
17,17
17,17
17,17
17,17
17,17
18,18
18,18
18,18
18,18
18,18
18,18
18,3
18,3
18,3
18,18
18,18
18,13
18,18
18,3
18,18
18,18
18,18
18,18
18,18
18,18
18,18
18,18
18,18
18,18
18,18
18,18
18,34
18,18
18,3
18,18
18,18
18,18
18,18
18,18
18,28
18,18
18,18
18,18
18,18
18,18
18,18
18,18
18,18
18,18
18,18
18,18
18,18
18,18
18,34
18,18
18,18
18,18
18,18
18,18
18,18
18,18
18,18
18,18
18,18
18,18
18,34
18,18
18,18
18,18
18,18
18,18
18,18
18,18
18,18
18,18
18,18
18,18
18,18
18,18
18,18
18,18
18,18
18,18
18,18
18,18
18,18
18,18
19,19
19,19
19,19
19,19
19,19
19,19
19,19
19,19
19,19
19,19
19,19
19,19
19,19
19,19
19,19
19,19
19,19
19,19
19,19
19,19
19,19
19,19
19,19
19,19
19,19
19,19
19,19
19,19
19,19
19,19
19,19
19,19
19,19
19,19
19,19
19,19
19,19
19,19
19,19
19,19
19,19
19,19
19,19
19,19
19,19
19,19
19,19
19,19
19,19
19,19
19,19
19,19
19,19
19,19
19,19
19,19
19,19
19,19
19,19
19,19
19,19
19,19
19,19
19,19
19,19
19,19
19,19
19,19
19,19
19,19
19,19
19,19
19,19
19,19
19,19
19,19
19,19
19,19
19,19
19,19
19,19
19,19
19,19
19,19
19,19
19,19
19,19
19,19
19,19
19,19
19,19
19,19
19,19
19,19
19,19
19,19
19,5
19,19
19,19
19,19
19,19
19,19
19,19
19,19
19,19
19,19
19,19
19,19
19,19
19,19
19,19
19,19
19,19
19,19
19,19
19,19
19,19
19,19
19,19
19,19
19,19
19,19
19,19
19,19
19,19
19,19
19,19
19,19
19,19
19,19
19,19
19,19
19,19
19,19
19,19
19,19
19,19
19,19
19,19
19,19
19,19
19,19
19,19
19,19
19,19
19,19
19,19
19,19
19,19
19,19
19,19
19,19
19,19
19,19
19,19
19,19
19,19
19,19
19,19
19,19
19,19
19,19
19,19
19,19
19,19
19,19
19,19
19,19
20,27
20,20
20,20
20,20
20,20
20,20
20,20
20,20
20,20
20,20
20,20
20,20
20,35
20,20
20,20
20,20
20,20
20,20
20,20
20,20
20,31
20,20
20,20
20,20
20,20
20,20
20,20
20,20
20,20
20,20
20,27
20,20
20,20
20,20
20,20
20,20
20,20
20,20
20,20
20,20
20,20
20,20
20,20
20,20
20,20
20,20
20,20
20,20
20,20
20,20
20,20
20,20
20,20
20,20
20,20
20,20
20,20
20,20
20,20
20,20
20,20
20,20
20,20
20,20
20,20
20,20
20,20
20,20
20,20
20,20
20,20
20,20
20,20
20,20
20,20
20,20
20,20
20,20
20,20
21,21
21,21
21,21
21,9
21,21
21,21
21,21
21,21
21,21
21,5
21,5
21,9
21,21
21,9
21,33
21,5
21,5
21,9
21,5
21,21
21,21
21,21
21,21
21,21
21,9
21,21
21,9
21,19
21,21
21,21
21,21
21,21
21,21
21,9
21,21
21,21
21,21
21,5
21,21
21,35
21,21
21,21
21,21
21,21
21,21
21,21
21,21
21,21
21,21
21,21
21,21
21,21
21,21
21,21
21,21
21,21
21,21
21,21
21,21
21,21
21,21
21,21
21,21
21,21
21,21
21,21
21,21
21,21
21,21
21,21
21,21
21,9
21,21
21,21
21,21
21,21
21,21
21,21
21,21
21,21
21,5
21,21
21,21
21,21
21,21
21,21
21,21
21,21
21,21
21,21
21,21
21,21
21,5
21,21
21,21
21,5
21,21
21,21
21,9
21,5
21,21
21,5
21,21
21,21
21,21
21,21
21,21
21,21
21,21
21,21
21,5
21,21
21,21
21,21
21,21
21,5
21,5
21,21
21,9
21,21
21,21
21,21
21,21
21,19
21,5
21,21
21,5
21,21
21,21
21,21
21,21
21,21
21,21
21,21
21,21
21,21
21,9
21,21
21,5
21,21
21,21
21,21
21,21
21,21
21,21
21,21
21,9
21,21
21,21
21,5
21,21
21,21
21,21
21,9
21,21
21,21
21,21
21,21
21,21
21,21
21,21
21,21
21,21
21,21
21,21
21,21
21,21
21,21
21,21
21,21
21,5
21,21
21,21
21,21
21,21
21,9
21,9
21,21
21,21
21,21
21,21
21,5
21,5
21,21
21,5
21,21
21,21
21,21
21,21
21,21
21,21
21,9
21,9
21,21
21,21
21,21
21,21
21,21
21,21
21,21
21,21
21,21
21,21
21,21
21,21
21,21
21,21
21,21
21,21
21,21
21,5
21,5
21,21
21,21
21,21
21,5
21,21
21,21
21,5
21,21
21,5
21,21
21,21
21,21
21,21
21,21
21,21
21,21
21,5
21,21
21,21
21,9
21,21
21,9
21,21
21,21
21,21
21,21
21,21
21,21
21,21
21,5
21,21
21,21
21,21
21,21
21,21
21,21
21,5
21,9
21,21
21,21
21,9
21,21
21,21
21,7
21,21
21,21
21,21
21,21
21,21
21,21
21,21
21,5
21,21
21,21
21,21
21,21
21,9
21,21
21,5
21,21
21,5
21,21
21,21
21,21
21,9
21,21
21,15
21,21
21,5
21,21
21,9
21,21
21,21
21,21
21,21
21,21
21,21
21,21
21,21
21,21
21,21
21,21
21,5
21,21
21,21
21,21
21,21
21,21
21,21
21,21
21,21
21,8
21,5
21,21
21,5
21,21
21,21
21,21
21,21
21,5
21,21
21,21
21,21
21,21
21,5
21,21
21,21
21,21
21,21
21,21
21,21
21,21
21,21
21,21
21,21
21,21
21,21
21,21
21,21
21,29
21,21
21,21
21,21
21,21
21,21
21,21
21,21
21,21
21,21
21,21
21,21
21,21
21,21
21,21
21,21
21,21
21,21
21,21
21,21
21,21
21,21
21,21
21,21
21,9
21,21
21,21
21,21
21,5
21,21
21,21
21,5
21,21
21,21
21,21
21,21
21,21
21,21
21,21
21,8
21,21
21,21
21,21
21,21
21,21
21,21
21,21
21,21
21,21
21,9
21,21
21,21
21,21
21,21
21,21
21,9
21,21
21,21
21,21
21,5
21,8
21,21
21,5
21,36
21,21
21,21
21,21
21,5
21,21
21,9
21,21
21,5
21,21
21,5
21,19
21,9
21,9
21,21
21,21
21,21
21,8
21,8
21,21
21,5
21,21
21,21
21,21
21,21
21,19
21,21
21,21
21,21
21,5
21,5
21,21
21,21
21,21
21,21
21,21
21,21
21,19
21,21
21,21
21,5
21,21
22,22
22,3
22,3
22,22
22,18
22,22
22,22
22,22
22,22
22,22
22,22
22,3
22,22
22,22
22,22
22,22
22,22
22,22
22,22
22,22
22,22
22,22
22,22
22,22
22,22
22,22
22,22
22,22
22,22
22,22
22,22
22,22
22,22
22,22
22,22
22,22
22,22
22,22
22,22
22,22
22,22
22,22
22,22
22,18
22,22
22,22
22,22
22,22
22,22
22,22
22,22
22,22
22,22
22,22
22,22
22,22
22,22
22,22
22,22
22,22
22,22
22,22
22,22
22,22
22,22
22,22
22,22
22,22
22,22
22,33
22,22
22,22
22,22
22,22
22,22
22,22
22,22
22,22
22,22
22,22
22,22
22,22
22,22
22,22
22,22
22,22
22,22
22,22
22,22
22,22
22,22
22,22
22,22
22,22
22,22
22,22
22,22
22,34
22,22
22,22
22,36
22,22
22,22
22,22
22,22
22,22
22,22
22,22
22,22
22,22
22,22
22,22
22,22
22,22
22,22
22,22
22,22
22,3
22,22
22,22
22,22
22,22
22,22
22,22
22,22
22,22
22,22
22,22
22,22
23,13
23,23
23,23
23,23
23,23
23,23
23,23
23,23
23,10
23,23
23,23
23,23
23,23
23,23
23,17
23,23
23,23
23,23
23,23
23,23
23,23
23,23
23,23
23,23
23,23
23,23
23,23
23,23
23,23
23,23
23,23
23,23
23,23
23,23
23,23
23,23
23,23
23,23
23,23
23,23
23,36
23,23
23,23
23,23
23,23
23,23
23,23
23,23
23,23
23,23
23,23
23,23
23,23
23,23
23,23
23,23
23,23
23,23
23,23
23,23
23,23
23,23
23,23
23,23
23,23
23,23
23,23
23,23
23,23
23,23
23,23
23,23
23,23
23,23
23,23
23,23
23,23
23,23
23,23
23,23
23,23
23,23
23,23
23,23
23,23
23,23
23,23
23,23
23,23
23,23
23,23
23,23
23,23
23,23
23,23
23,23
23,23
23,23
23,23
23,23
23,23
23,23
23,23
23,23
23,23
23,23
23,23
23,23
23,23
23,23
23,23
23,23
23,23
23,23
23,23
23,23
23,23
23,23
23,23
23,23
23,23
23,23
23,23
23,23
23,23
23,23
23,23
23,23
23,23
23,23
23,23
23,23
23,23
23,23
23,23
23,23
23,23
23,23
23,23
23,23
23,23
23,23
23,23
23,23
23,23
23,23
23,23
23,23
23,23
23,23
23,23
23,23
23,23
23,23
23,23
23,23
23,23
23,23
23,23
23,23
23,23
23,23
23,23
23,23
23,23
23,23
23,23
23,23
23,23
23,23
23,23
23,23
23,23
23,23
23,23
23,23
23,23
23,23
23,23
23,23
24,24
24,24
24,24
24,24
24,24
24,24
24,24
24,24
24,24
24,24
24,24
24,24
24,24
24,24
24,24
24,24
24,24
24,24
24,24
24,24
24,24
24,24
24,24
24,24
25,25
25,25
25,25
25,25
25,25
25,25
25,25
25,25
25,25
25,25
25,25
25,25
25,25
25,25
25,25
25,25
25,25
25,25
25,25
25,25
25,25
25,25
25,25
25,25
25,25
26,26
26,26
26,26
26,26
26,26
26,8
26,26
26,26
26,2
26,26
26,26
26,26
26,4
26,26
26,26
26,26
26,26
26,26
26,26
26,26
26,26
26,26
26,33
26,26
26,26
26,26
26,26
26,26
26,26
26,26
26,26
26,26
26,26
26,26
26,26
26,26
26,26
26,26
26,26
26,26
26,26
26,26
26,26
26,26
26,26
26,26
26,26
26,26
26,26
26,26
26,26
26,26
26,26
26,26
26,26
26,26
26,26
26,26
26,26
26,26
26,11
26,26
26,26
26,26
26,26
26,26
26,26
26,26
26,26
26,26
26,26
26,26
26,26
26,26
26,26
26,26
26,26
26,26
26,26
26,26
26,26
26,26
26,26
26,26
26,26
26,26
26,32
26,26
26,26
26,26
26,26
26,26
26,26
26,26
26,26
26,26
26,26
26,26
26,26
26,26
26,26
26,26
26,26
26,26
26,26
26,8
26,26
26,26
26,26
26,26
26,26
26,26
26,26
26,26
26,26
26,11
26,26
26,26
26,26
26,26
26,26
26,26
26,26
26,26
26,26
26,26
26,26
26,26
26,26
26,14
26,8
26,26
26,26
26,26
26,26
26,26
26,26
26,26
26,26
26,26
26,26
26,26
26,26
26,26
26,26
26,26
26,26
26,26
26,26
26,26
27,27
27,27
27,27
27,27
27,27
27,27
27,27
27,27
27,27
27,27
27,27
27,27
27,27
27,27
27,27
27,27
27,27
27,27
27,27
27,27
27,27
27,27
27,27
27,27
27,27
27,27
27,27
27,27
27,27
27,27
27,27
27,27
27,27
27,27
27,27
28,28
28,28
28,28
28,28
28,28
28,28
28,28
28,28
28,28
28,28
28,28
28,28
28,28
28,28
28,28
28,28
28,28
28,28
28,28
28,28
29,29
29,29
29,29
29,29
29,29
29,29
29,29
29,29
29,29
29,29
29,29
29,29
29,29
29,29
29,29
29,29
29,29
29,29
29,29
29,29
29,29
29,29
29,29
29,29
29,29
29,29
29,29
29,29
29,29
29,29
29,29
29,29
29,29
29,29
29,29
29,29
29,29
29,29
29,29
29,29
29,29
29,29
29,29
29,29
29,29
29,29
29,29
29,29
29,29
29,29
29,29
29,29
29,29
29,29
29,29
29,29
29,29
29,29
29,29
29,29
29,29
29,29
29,29
30,30
30,10
30,30
30,10
30,30
30,23
30,10
30,30
30,30
30,30
30,30
30,30
30,30
30,30
30,30
30,30
30,30
30,30
30,30
30,30
30,30
30,30
30,30
30,30
30,30
30,30
30,30
30,30
30,30
30,30
30,30
30,30
30,30
30,30
30,30
30,30
30,30
30,30
30,30
30,30
30,30
30,30
30,30
30,30
30,30
30,30
30,30
30,30
30,30
30,30
30,30
30,30
30,30
30,30
30,30
30,30
30,30
30,30
30,30
30,30
30,30
30,30
30,30
30,30
30,30
30,30
30,30
30,30
30,30
30,10
30,30
30,30
30,30
30,30
30,30
30,30
30,30
30,30
30,30
30,30
30,30
30,30
30,30
30,30
30,30
30,30
30,23
30,30
30,30
30,30
30,30
30,30
30,30
30,30
30,30
30,30
30,30
30,9
30,9
30,30
30,30
30,30
30,30
30,30
30,30
30,30
30,30
30,30
30,30
30,30
30,30
30,30
30,30
30,30
30,30
30,30
30,30
30,30
30,30
30,30
30,30
30,30
30,30
30,30
30,30
30,30
30,30
30,30
30,30
30,30
30,30
30,30
30,30
30,30
30,30
30,30
30,30
30,30
30,30
30,30
30,30
30,30
30,30
30,30
30,30
30,30
30,30
30,30
30,30
30,30
30,30
30,30
30,30
30,30
30,30
30,30
30,30
30,30
30,23
30,30
30,30
30,30
30,30
30,30
30,30
30,30
30,30
30,30
30,30
30,30
30,30
30,30
30,30
30,10
30,30
30,30
30,30
30,30
30,30
30,30
30,30
30,30
30,10
30,30
30,30
30,30
30,30
30,30
30,30
30,30
30,10
30,30
30,10
30,30
31,31
31,31
31,31
31,31
31,31
31,31
31,31
31,31
31,31
31,31
31,31
31,31
31,31
31,31
31,31
31,31
31,31
31,31
31,31
31,31
32,32
32,32
32,32
32,32
32,32
32,32
32,32
32,32
32,32
32,9
32,32
32,32
32,32
32,32
32,32
32,32
32,32
32,32
32,32
32,32
32,32
32,32
32,34
32,32
32,32
32,32
32,26
32,32
32,32
32,14
32,8
32,32
32,32
32,32
32,32
32,11
32,32
32,32
32,32
32,32
32,32
32,32
32,32
32,32
32,14
32,32
32,4
32,32
32,32
32,32
32,14
32,32
32,32
32,32
32,32
32,14
32,32
32,32
32,32
32,32
32,32
32,32
32,32
32,32
32,32
32,32
32,32
32,32
32,32
32,33
32,32
32,32
32,32
32,32
32,32
32,32
32,32
32,32
32,32
32,11
32,32
32,32
32,32
32,14
32,32
32,32
32,32
32,32
32,32
32,32
32,32
32,32
32,32
32,32
32,32
32,32
32,32
32,33
32,32
32,14
32,26
32,14
32,32
32,32
32,32
32,32
32,14
32,14
32,26
32,32
32,32
32,32
32,32
32,26
32,32
32,14
32,32
32,32
32,32
32,32
32,32
32,32
32,32
32,32
32,32
32,32
32,32
32,32
32,14
32,32
32,32
32,32
32,32
32,32
32,32
32,32
32,32
32,32
32,32
32,32
32,32
32,32
33,33
33,33
33,33
33,33
33,33
33,33
33,33
33,33
33,36
33,33
33,33
33,33
33,33
33,33
33,33
33,33
33,33
33,33
33,14
33,33
33,33
33,33
33,33
33,33
33,33
33,33
33,33
33,33
33,33
33,33
33,33
33,33
33,33
33,33
33,33
33,33
33,33
33,33
33,33
33,33
33,33
33,33
33,33
33,33
33,33
33,33
33,33
33,33
33,33
33,33
33,33
33,33
33,33
33,33
33,33
33,33
33,33
33,33
33,33
33,33
33,33
33,33
33,33
33,33
33,33
33,33
33,33
33,33
33,33
33,33
33,33
33,33
33,33
33,33
33,33
33,33
33,33
33,33
33,33
33,33
33,33
33,33
33,33
33,33
33,33
33,33
33,33
33,33
33,33
33,33
33,33
33,33
33,33
33,33
33,33
33,33
33,33
33,33
33,33
33,33
33,33
33,33
33,33
33,33
33,33
33,33
33,33
33,33
33,33
33,33
33,33
33,33
33,33
33,33
33,33
33,33
33,33
33,33
33,33
33,33
33,33
33,33
33,33
33,33
33,33
33,33
33,33
33,33
33,33
33,33
33,33
33,33
33,33
33,33
33,33
33,33
33,33
33,33
33,33
33,33
33,33
33,33
33,33
33,33
33,33
33,33
33,33
33,33
33,33
33,33
33,33
34,34
34,34
34,34
34,34
34,34
34,34
34,34
34,34
34,34
34,34
34,34
34,34
34,34
34,34
34,34
34,34
34,34
34,34
34,34
34,34
34,34
34,34
35,35
35,35
35,35
35,35
35,35
35,35
35,35
35,35
35,35
35,35
35,35
35,35
35,35
35,35
35,35
35,35
35,35
35,35
35,3
35,14
35,35
35,35
35,35
35,35
35,35
35,35
35,35
35,35
35,35
35,35
35,35
35,35
35,35
35,35
35,35
35,35
35,35
35,35
35,35
35,35
35,35
35,35
35,35
35,35
35,35
35,35
35,35
35,35
35,35
35,35
35,35
35,35
35,35
35,35
35,35
35,35
35,35
35,35
35,35
35,35
35,35
35,35
35,35
35,35
35,35
35,35
35,35
35,35
35,35
35,35
35,35
35,35
35,35
35,35
35,35
35,35
35,35
35,35
35,35
35,35
35,35
35,35
35,35
35,35
35,35
35,35
35,35
35,35
35,35
35,35
35,35
35,35
35,35
35,35
35,35
35,35
35,35
35,35
35,35
35,35
35,35
35,35
35,35
35,35
35,35
35,35
35,14
35,35
35,35
35,14
35,35
35,35
35,35
36,36
36,10
36,36
36,36
36,36
36,9
36,36
36,36
36,36
36,16
36,1
36,20
36,35
36,36
36,13
36,36
36,10
36,35
36,3
36,3
36,13
36,14
36,13
36,34
36,8
36,3
36,20
36,3
36,36
36,33
36,13
36,36
36,18
36,13
36,17
36,18
36,17
36,13
36,36
36,35
36,36
36,3
36,3
36,13
36,10
36,3
36,15
36,17
36,30
36,20
36,3
36,10
36,18
36,36
36,3
36,36
36,3
36,3
36,3
36,3
36,10
36,30
36,14
36,18
36,3
36,9
36,33
36,28
36,27
36,18
36,10
36,3
36,35
36,18
36,3
36,17
36,36
36,3
36,3
36,10
36,19
36,3
36,13
36,3
36,17
36,30
36,10
36,13
36,13
36,20
36,3
36,36
36,18
36,6
36,35
36,18
36,36
36,3
36,18
36,3
36,36
36,3
36,3
36,13
36,9
36,3
36,3
36,36
36,3
36,36
36,36
36,36
36,18
36,20
36,3
36,14
36,36
36,23
36,13
36,36
36,35
36,3
36,13
36,13
36,14
36,13
36,35
36,3
36,10
36,3
36,36
36,8
36,17
36,36
36,36
36,3
36,34
36,18
36,14
36,10
36,36
36,35
36,13
36,13
36,36
36,17
36,34
36,35
36,14
36,10
36,13
36,13
36,17
36,3
36,20
36,10
36,36
36,36
36,14
36,23
36,3
36,3
36,8
36,3
36,3
36,36
36,36
36,17
36,3
36,14
36,14
36,13
36,36
36,18
36,22
36,36
36,13
36,27
36,36
36,10
36,18
36,9
36,36
36,36
36,36
36,22
36,22
36,13
36,36
36,13
36,3
36,36
36,23
36,36
36,13
36,13
36,3
36,20
36,35
36,3
36,20
36,36
36,20
36,18
36,36
36,23
36,36
36,10
36,10
36,17
36,14
36,36
36,3
36,36
36,3
36,3
36,3
36,3
36,10
36,3
36,27
36,3
36,9
36,28
36,35
36,14
36,3
36,9
36,10
36,36
36,3
36,36
36,35
36,3
36,31
36,36
36,3
36,3
36,3
36,10
36,34
36,36
36,36
36,10
36,35
36,20
36,23
36,30
36,3
36,3
36,23
36,3
36,3
36,10
36,3
36,3
36,3
36,14
36,10
36,10
36,3
36,3
36,3
36,36
36,36
36,3
36,3
36,35
36,3
36,3
36,18
36,10
36,18
36,3
36,13
36,3
36,28
36,13
36,13
36,13
36,13
36,10
36,3
36,20
36,3
36,11
36,3
36,3
36,10
36,36
36,36
36,36
36,3
36,3
36,10
36,17
36,3
36,20
36,13
36,3
36,36
36,18
36,10
36,23
36,17
36,33
36,35
36,22
36,36
36,13
36,10
36,18
36,23
36,33
36,3
36,28
36,3
36,17
36,3
36,3
36,10
36,14
36,20
36,22
36,3
36,10
36,36
36,33
36,13
36,36
36,30
36,3
36,18
36,35
36,10
36,10
36,27
36,18
36,36
36,34
36,18
36,9
36,18
36,35
36,36
36,36
36,36
36,14
36,20
36,3
36,3
36,22
36,35
36,3
36,9
36,10
36,10
36,36
36,35
36,13
36,36
36,14
36,3
36,23
36,8
36,36
36,36
36,3
36,36
36,28
36,3
36,3
36,36
36,36
36,3
36,34
36,36
36,33
36,3
36,18
36,35
36,3
36,13
36,3
36,3
36,14
36,36
36,36
36,35
36,13
36,28
36,14
36,35
36,10
36,36
36,36
36,34
36,10
36,3
36,3
36,10
36,17
36,36
36,3
36,36
36,18
36,10
36,10
36,3
36,23
36,33
36,3
36,3
36,3
36,3
36,30
36,10
36,3
36,35
36,20
36,14
36,6
36,36
36,36
36,8
36,13
36,35
36,3
36,13
36,13
36,35
36,3
36,10
36,10
36,35
36,3
36,3
36,13
36,13
36,10
36,14
36,14
36,3
36,3
36,18
36,13
36,8
36,10
36,36
36,36
36,3
36,3
36,36
36,30
36,14
36,10
36,14
36,13
36,13
36,36
36,36
36,27
36,3
36,10
36,20
36,35
36,36
36,3
36,35
36,36
36,36
36,18
36,8
36,36
36,22
36,20
36,36
36,10
36,36
36,14
36,3
36,17
36,3
36,8
36,35
36,35
36,10
36,35
36,3
36,36
36,3
36,10
36,10
36,3
36,3
36,36
36,23
36,22
36,36
36,18
36,22
36,9
36,14
36,22
36,8
36,36
36,18
36,35
36,3
36,11
36,3
36,3
36,10
36,17
36,18
36,36
36,35
36,21
36,9
36,5
36,36
36,8
36,10
36,3
36,35
36,14
36,5
36,3
36,9
36,36
36,36
36,36
36,18
36,35
36,36
36,5
36,36
36,36
36,33
36,36
36,36
36,36
36,36
36,36
36,36
36,36
36,36
36,16
36,36
36,36
36,33
36,36
36,36
36,33
36,36
36,33
36,36
36,36
36,36
36,33
36,36
36,36
36,14
36,36
36,36
36,3
36,36
36,36
36,33
36,36
36,36
36,36
36,36
36,36
36,26
36,36
36,36
36,36
36,36
36,36
36,18
36,36
36,36
36,36
36,36
36,14
36,36
36,18
36,36
36,36
36,36
36,36
36,36
36,36
36,36
36,36
36,2
36,36
36,11
36,2
36,36
36,36
36,5
36,36
36,36
36,36
36,36
36,36
36,36
36,3
36,2
36,36
36,36
36,36
36,36
36,36
36,36
36,36
36,36
36,36
36,36
36,9
36,36
36,36
36,36
36,36
36,36
36,36
36,36
36,36
36,36
36,36
36,36
36,36
36,36
36,36
36,36
36,36
36,36
36,36
36,36
36,25
36,32
36,1
36,1
36,11
36,14
36,18
36,15
36,8
36,15
36,1
36,14
36,36
36,14
36,15
36,36
36,36
36,8
36,15
36,36
36,6
36,36
36,15
36,36
36,10
36,30
36,15
36,15
36,9
36,36
36,1
36,8
36,18
36,3
36,25
36,11
36,20
36,21
36,11
36,5
36,10
36,24
36,32
36,19
36,21
36,36
36,1
36,34
36,15
36,36
36,36
36,15
36,1
36,27
36,21
36,6
36,36
36,21
36,14
36,36
36,18
36,15
36,36
36,32
36,15
36,10
36,26
36,10
36,36
36,25
36,15
36,6
36,36
36,25
36,36
36,21
36,35
36,10
36,9
36,9
36,36
36,29
36,36
36,33
36,1
36,19
36,36
36,36
36,36
36,11
36,15
36,26
36,14
36,32
36,32
36,14
36,14
36,14
36,36
36,15
36,36
36,29
36,10
36,14
36,5
36,36
36,15
36,14
36,10
36,36
36,33
36,15
36,15
36,15
36,36
36,8
36,25
36,25
36,14
36,36
36,12
36,36
36,15
36,36
36,14
36,21
36,13
36,9
36,1
36,10
36,9
36,36
36,15
36,15
36,4
36,5
36,22
36,15
36,35
36,3
36,3
36,15
36,14
36,15
36,13
36,13
36,29
36,11
36,15
36,1
36,18
36,10
36,8
36,15
36,13
36,13
36,36
36,13
36,23
36,10
36,14
36,20
36,17
36,3
36,36
36,8
36,15
36,27
36,13
36,13
36,13
36,13
36,13
36,36
36,13
36,3
36,18
36,18
36,13
36,13
36,34
36,36
36,13
36,36
36,23
36,17
36,36
36,32
36,13
36,13
36,13
36,10
36,36
36,23
36,36
36,14
36,13
36,31
36,13
36,36
36,13
36,36
36,13
36,35
36,14
36,36
36,27
36,17
36,35
36,14
36,15
36,15
36,35
36,35
36,35
36,36
36,17
36,36
36,14
36,13
36,23
36,3
36,14
36,36
36,36
36,34
36,14
36,14
36,36
36,14
36,14
36,10
36,13
36,36
36,1
36,10
36,15
36,14
36,15
36,1
36,28
36,13
36,13
36,36
36,22
36,10
36,17
36,36
36,36
36,23
36,14
36,13
36,10
36,36
36,36
36,10
36,10
36,13
36,23
36,13
36,36
36,13
36,36
36,36
36,36
36,5
36,36
36,35
36,20
36,8
36,33
36,33
36,33
36,5
36,32
36,32
36,30
36,14
36,14
36,23
36,36
36,36
36,10
36,36
36,36
36,17
36,29
36,14
36,3
36,14
36,36
36,20
36,17
36,23
36,23
36,36
36,23
36,17
36,36
36,36
36,30
36,36
36,17
36,35
36,3
36,6
36,36
36,10
36,35
36,36
36,35
36,20
36,23
36,14
36,3
36,15
36,35
36,14
36,36
36,23
36,18
36,33
36,10
36,35
36,36
36,36
36,8
36,35
36,13
36,28
36,29
36,20
36,36
36,3
36,36
36,3
36,22
36,14
36,13
36,36
36,22
36,36
36,10
36,23
36,28
36,36
36,36
36,36
36,10
36,3
36,18
36,35
36,10
36,3
36,33
36,30
36,10
36,36
36,36
36,36
36,34
36,13
36,14
36,36
36,3
36,36
36,3
36,3
36,35
36,14
36,36
36,3
36,10
36,3
36,3
36,13
36,35
36,15
36,20
36,14
36,20
36,36
36,14
36,14
36,3
36,14
36,20
36,36
36,36
36,13
36,23
36,19
36,13
36,3
36,36
36,3
36,3
36,35
36,36
36,36
36,13
36,14
36,36
36,14
36,36
36,23
36,36
36,13
36,13
36,13
36,13
36,23
36,13
36,20
36,17
36,23
36,35
36,10
36,9
36,36
36,3
36,6
36,13
36,13
36,13
36,3
36,8
36,14
36,36
36,27
36,13
36,13
36,35
36,13
36,13
36,3
36,13
36,13
36,36
36,36
36,18
36,20
36,14
36,20
36,3
36,14
36,3
36,3
36,1
36,3
36,3
36,36
36,3
36,23
36,13
36,13
36,28
36,13
36,18
36,17
36,10
36,3
36,13
36,13
36,13
36,3
36,36
36,13
36,36
36,13
36,13
36,20
36,20
36,36
36,20
36,10
36,35
36,35
36,18
36,8
36,9
36,33
36,13
36,13
36,13
36,18
36,10
36,23
36,13
36,13
36,31
36,3
36,13
36,36
36,13
36,13
36,13
36,13
36,13
36,3
36,14
36,36
36,3
36,36
36,17
36,3
36,10
36,17
36,34
36,36
36,23
36,22
36,3
36,13
36,13
36,30
36,14
36,10
36,6
36,36
36,13
36,30
36,13
36,14
36,36
36,36
36,20
36,36
36,18
36,3
36,8
36,3
36,13
36,10
36,13
36,13
36,14
36,3
36,13
36,13
36,13
36,17
36,10
36,27
36,36
36,33
36,3
36,36
36,10
36,33
36,13
36,20
36,10
36,36
36,17
36,10
36,14
36,13
36,13
36,36
36,3
36,13
36,35
36,13
36,10
36,17
36,14
36,34
36,13
36,13
36,36
36,3
36,36
36,14
36,35
36,3
36,36
36,36
36,3
36,22
36,20
36,36
36,17
36,14
36,14
36,28
36,18
36,36
36,18
36,36
36,36
36,22
36,36
36,36
36,34
36,20
36,18
36,30
36,10
36,3
36,36
36,25
36,23
36,36
36,17
36,34
36,36
36,36
36,36
36,13
36,23
36,13
36,13
36,36
36,13
36,36
36,3
36,13
36,18
36,13
36,3
36,35
36,3
36,3
36,36
36,3
36,20
36,3
36,18
36,33
36,36
36,3
36,3
36,3
36,36
36,22
36,36
36,17
36,3
36,13
36,14
36,23
36,3
36,3
36,3
36,13
36,35
36,3
36,17
36,3
36,36
36,36
36,36
36,20
36,10
36,36
36,13
36,35
36,3
36,13
36,8
36,13
36,13
36,17
36,13
36,36
36,13
36,36
36,3
36,10
36,36
36,36
36,36
36,13
36,10
36,13
36,10
36,17
36,13
36,13
36,13
36,13
36,18
36,35
36,13
36,36
36,36
36,3
36,8
36,13
36,22
36,3
36,8
36,33
36,14
36,20
36,29
36,36
36,14
36,1
36,14
36,36
36,22
36,33
36,14
36,34
36,36
36,36
36,35
36,13
36,13
36,18
36,35
36,13
36,3
36,10
36,10
36,3
36,14
36,36
36,3
36,36
36,22
36,23
36,18
36,3
36,35
36,36
36,10
36,13
36,36
36,13
36,13
36,8
36,13
36,13
36,13
36,13
36,13
36,8
36,13
36,13
36,13
36,36
36,3
36,13
36,18
36,36
36,36
36,30
36,28
36,35
36,14
36,36
36,36
36,8
36,36
36,13
36,36
36,36
36,3
36,36
36,13
36,13
36,36
36,17
36,3
36,36
36,28
36,13
36,36
36,14
36,3
36,30
36,3
36,17
36,36
36,13
36,13
36,13
36,3
36,3
36,13
36,14
36,35
36,3
36,18
36,27
36,3
36,20
36,33
36,36
36,10
36,3
36,3
36,36
36,3
36,3
36,3
36,36
36,35
36,3
36,13
36,14
36,36
36,10
36,3
36,10
36,3
36,10
36,10
36,3
36,30
36,14
36,3
36,33
36,35
36,8
36,36
36,3
36,18
36,18
36,36
36,23
36,36
36,14
36,33
36,3
36,28
36,36
36,14
36,3
36,3
36,10
36,3
36,3
36,18
36,36
36,10
36,3
36,36
36,3
36,3
36,10
36,34
36,36
36,10
36,3
36,20
36,36
36,10
36,23
36,3
36,8
36,10
36,10
36,36
36,14
36,3
36,3
36,28
36,17
36,34
36,3
36,34
36,3
36,3
36,10
36,3
36,17
36,36
36,3
36,3
36,36
36,36
36,3
36,3
36,28
36,35
36,34
36,3
36,3
36,36
36,3
36,3
36,3
36,10
36,10
36,3
36,3
36,3
36,27
36,17
36,36
36,10
36,20
36,36
36,18
36,3
36,8
36,3
36,3
36,27
36,19
36,14
36,3
36,10
36,23
36,35
36,9
36,36
36,20
36,20
36,3
36,3
36,3
36,36
36,36
36,36
36,3
36,36
36,20
36,36
36,10
36,35
36,3
36,20
36,10
36,13
36,36
36,3
36,14
36,13
36,20
36,36
36,3
36,3
36,3
36,14
36,10
36,10
36,33
36,36
36,10
36,3
36,35
36,36
36,34
36,13
36,10
36,36
36,18
36,10
36,3
36,36
36,8
36,36
36,10
36,33
36,10
36,17
36,3
36,3
36,35
36,10
36,3
36,23
36,3
36,33
36,36
36,36
36,10
36,20
36,3
36,36
36,36
36,36
36,13
36,3
36,9
36,14
36,36
36,13
36,10
36,3
36,3
36,18
36,10
36,3
36,3
36,10
36,18
36,36
36,10
36,36
36,14
36,22
36,36
36,17
36,36
36,3
36,32
36,36
36,31
36,13
36,9
36,36
36,13
36,13
36,13
36,14
36,35
36,36
36,17
36,13
36,36
36,3
36,3
36,36
36,3
36,9
36,36
36,35
36,36
36,36
36,20
36,3
36,3
36,3
36,3
36,35
36,30
36,3
36,18
36,36
36,36
36,3
36,16
36,22
36,34
36,10
36,36
36,13
36,3
36,36
36,10
36,3
36,3
36,3
36,3
36,18
36,30
36,3
36,36
36,3
36,27
36,20
36,34
36,14
36,36
36,3
36,17
36,3
36,14
36,20
36,36
36,10
36,3
36,3
36,22
36,3
36,10
36,14
36,36
36,10
36,36
36,3
36,36
36,36
36,20
36,36
36,10
36,9
36,36
36,9
36,36
36,36
36,10
36,14
36,23
36,27
36,3
36,18
36,3
36,3
36,3
36,17
36,36
36,18
36,36
36,22
36,10
36,36
36,0
36,30
36,14
36,3
36,3
36,36
36,14
36,19
36,3
36,36
36,17
36,18
36,10
36,3
36,35
36,10
36,10
36,33
36,3
36,3
36,3
36,3
36,3
36,36
36,36
36,36
36,23
36,34
36,13
36,3
36,3
36,10
36,35
36,9
36,36
36,28
36,33
36,3
36,20
36,3
36,10
36,3
36,3
36,36
36,3
36,3
36,36
36,23
36,3
36,36
36,33
36,36
36,23
36,35
36,10
36,10
36,23
36,30
36,36
36,3
36,20
36,17
36,10
36,36
36,23
36,18
36,10
36,10
36,35
36,3
36,18
36,36
36,3
36,36
36,3
36,20
36,3
36,36
36,3
36,10
36,10
36,10
36,20
36,35
36,36
36,36
36,36
36,36
36,35
36,3
36,16
36,36
36,22
36,36
36,36
36,36
36,10
36,28
36,35
36,34
36,3
36,33
36,36
36,3
36,3
36,36
36,3
36,10
36,14
36,35
36,5
36,36
36,30
36,36
36,33
36,30
36,8
36,36
36,36
36,8
36,3
36,10
36,10
36,10
36,10
36,14
36,36
36,36
36,8
36,36
36,9
36,3
36,36
36,3
36,36
36,20
36,14
36,17
36,3
36,34
36,3
36,36
36,3
36,3
36,3
36,18
36,3
36,20
36,35
36,36
36,23
36,3
36,3
36,3
36,20
36,3
36,33
36,17
36,36
36,10
36,35
36,3
36,35
36,30
36,3
36,3
36,10
36,20
36,27
36,10
36,15
36,3
36,14
36,10
36,10
36,20
36,27
36,28
36,9
36,10
36,9
36,23
36,20
36,22
36,9
36,6
36,36
36,14
36,3
36,10
36,16
36,36
36,36
36,14
36,36
36,14
36,26
36,36
36,36
36,36
36,19
36,8
36,36
36,5
36,33
36,9
36,9
36,8
36,17
36,3
36,10
36,25
36,33
36,23
36,8
36,3
36,30
36,34
36,23
36,14
36,16
36,10
36,3
36,10
36,10
36,10
36,9
36,10
36,30
36,35
36,10
36,36
36,3
36,36
36,36
36,30
36,35
36,9
36,36
36,13
36,10
36,36
36,14
36,36
36,33
36,9
36,3
36,36
36,15
36,30
36,35
36,14
36,20
36,14
36,14
36,14
36,25
36,36
36,25
36,8
36,36
36,14
36,36
36,22
36,3
36,3
36,36
36,3
36,8
36,36
36,22
36,21
36,36
36,36
36,1
36,29
36,8
36,5
36,36
36,36
36,36
36,10
36,12
36,12
36,8
36,36
36,5
36,3
36,14
36,3
36,32
36,9
36,9
36,8
36,17
36,15
36,29
36,23
36,10
36,27
36,26
36,14
36,15
36,3
36,6
36,32
36,36
36,23
36,29
36,8
36,3
36,15
36,36
36,5
36,15
36,25
36,9
36,36
36,14
36,25
36,28
36,3
36,14
36,15
36,15
36,15
36,25
36,36
36,16
36,36
36,33
36,29
36,33
36,15
36,6
36,32
36,34
36,9
36,18
36,14
36,36
36,10
36,10
36,16
36,36
36,3
36,3
36,13
36,14
36,10
36,14
36,14
36,33
36,35
36,22
36,36
36,3
36,36
36,3
36,20
36,9
36,11
36,18
36,10
36,36
36,36
36,30
36,10
36,36
36,36
36,3
36,3
36,20
36,34
36,36
36,10
36,10
36,10
36,10
36,14
36,33
36,9
36,36
36,36
36,30
36,10
36,9
36,21
36,19
36,8
36,36
36,28
36,1
36,36
36,22
36,14
36,28
36,36
36,18
36,3
36,36
36,9
36,36
36,10
36,35
36,25
36,10
36,30
36,18
36,36
36,3
36,3
36,36
36,10
36,36
36,36
36,36
36,10
36,3
36,14
36,30
36,3
36,22
36,28
36,20
36,3
36,36
36,36
36,8
36,3
36,36
36,18
36,6
36,23
36,3
36,3
36,35
36,8
36,35
36,8
36,3
36,36
36,36
36,23
36,14
36,9
36,14
36,15
36,36
36,15
36,36
36,14
36,15
36,14
36,15
36,36
36,8
36,3
36,3
36,36
36,36
36,11
36,36
36,23
36,36
36,3
36,3
36,14
36,14
36,3
36,13
36,36
36,3
36,3
36,20
36,22
36,3
36,3
36,3
36,3
36,3
36,8
36,14
36,36
36,35
36,36
36,15
36,14
36,14
36,36
36,14
36,34
36,20
36,10
36,14
36,9
36,22
36,36
36,25
36,36
36,14
36,14
36,17
36,8
36,36
36,14
36,22
36,14
36,8
36,36
36,6
36,14
36,15
36,14
36,14
36,18
36,14
36,9
36,18
36,8
36,36
36,9
36,14
36,36
36,29
36,5
36,36
36,22
36,20
36,17
36,10
36,33
36,30
36,29
36,36
36,5
36,14
36,10
36,14
36,14
36,20
36,1
36,14
36,14
36,27
36,36
36,35
36,22
36,3
36,3
36,17
36,23
36,18
36,19
36,10
36,35
36,8
36,14
36,28
36,9
36,17
36,3
36,24
36,13
36,25
36,3
36,13
36,20
36,36
36,30
36,0
36,3
36,36
36,10
36,10
36,3
36,36
36,36
36,14
36,8
36,30
36,9
36,36
36,17
36,33
36,34
36,21
36,8
36,9
36,20
36,36
36,30
36,36
36,30
36,10
36,23
36,35
36,14
36,10
36,35
36,35
36,36
36,17
36,32
36,36
36,14
36,1
36,36
36,22
36,8
36,35
36,8
36,36
36,35
36,14
36,10
36,9
36,10
36,3
36,10
36,14
36,10
36,14
36,23
36,14
36,15
36,36
36,33
36,10
36,33
36,36
36,35
36,36
36,35
36,3
36,13
36,17
36,27
36,23
36,10
36,8
36,35
36,3
36,23
36,23
36,23
36,23
36,8
36,10
36,3
36,14
36,10
36,17
36,14
36,23
36,14
36,20
36,34
36,3
36,14
36,35
36,16
36,22
36,14
36,35
36,36
36,3
36,8
36,23
36,22
36,36
36,14
36,14
36,22
36,10
36,14
36,22
36,22
36,10
36,10
36,8
36,13
36,10
36,14
36,9
36,36
36,8
36,36
36,18
36,35
36,17
36,17
36,5
36,20
36,3
36,17
36,35
36,22
36,10
36,35
36,30
36,20
36,14
36,17
36,10
36,18
36,10
36,14
36,23
36,9
36,17
36,3
36,6
36,14
36,32
36,34
36,35
36,14
36,29
36,36
36,31
36,9
36,25
36,25
36,20
36,14
36,22
36,14
36,3
36,36
36,22
36,3
36,36
36,9
36,20
36,3
36,10
36,10
36,36
36,36
36,10
36,14
36,3
36,10
36,10
36,14
36,9
36,16
36,14
36,23
36,23
36,36
36,36
36,33
36,3
36,3
36,14
36,14
36,35
36,34
36,36
36,14
36,3
36,10
36,35
36,35
36,35
36,8
36,10
36,13
36,3
36,33
36,27
36,18
36,10
36,23
36,14
36,14
36,23
36,20
36,35
36,36
36,34
36,36
36,10
36,3
36,18
36,36
36,17
36,18
36,10
36,14
36,14
36,30
36,14
36,36
36,14
36,30
36,35
36,35
36,14
36,17
36,3
36,33
36,17
36,14
36,14
36,23
36,3
36,32
36,6
36,14
36,23
36,14
36,36
36,12
36,33
36,26
36,15
36,35
36,25
36,25
36,15
36,36
36,22
36,13
36,8
36,3
36,9
36,14
36,3
36,11
36,22
36,3
36,3
36,36
36,18
36,14
36,30
36,3
36,36
36,23
36,10
36,32
36,35
36,10
36,36
36,36
36,36
36,36
